ID	Sample	input	non-chimeric	Species	SpeciesID	Run	Ashley	Laura	sample_type	colony_tag	Colony	Replicate	PMA	Date_collected	Tank	Genotype	DNA_ext_date	DNA_ext_by	FWD	REV
Al1.1A_FWD01	Al1.1A	119211	81281	Acropora loripes	Al	1	TRUE	FALSE	tissue	NA	1	1	PMA-treated	17/06/2022	ISB1-A	A	12/07/2022	Laura	FWD01	REV01
Al1.1B_FWD01	Al1.1B	42146	27028	Acropora loripes	Al	1	TRUE	FALSE	tissue	NA	1	1	untreated	17/06/2022	ISB1-A	A	12/07/2022	Laura	FWD01	REV02
Al1.2A_FWD01	Al1.2A	69567	45470	Acropora loripes	Al	1	TRUE	FALSE	tissue	NA	1	2	PMA-treated	17/06/2022	ISB1-A	A	12/07/2022	Laura	FWD01	REV03
Al1.2B_FWD01	Al1.2B	62099	45125	Acropora loripes	Al	1	TRUE	FALSE	tissue	NA	1	2	untreated	17/06/2022	ISB1-A	A	12/07/2022	Laura	FWD01	REV04
Al1.3A_FWD01	Al1.3A	169206	115964	Acropora loripes	Al	1	TRUE	FALSE	tissue	NA	1	3	PMA-treated	17/06/2022	ISB1-A	A	12/07/2022	Laura	FWD01	REV05
Al1.3B_FWD01	Al1.3B	33862	23921	Acropora loripes	Al	1	TRUE	FALSE	tissue	NA	1	3	untreated	17/06/2022	ISB1-A	A	12/07/2022	Laura	FWD01	REV06
Al1.4A_FWD01	Al1.4A	184885	120429	Acropora loripes	Al	1	TRUE	FALSE	tissue	NA	1	4	PMA-treated	17/06/2022	ISB1-A	A	12/07/2022	Laura	FWD01	REV07
Al1.4B_FWD01	Al1.4B	25749	16748	Acropora loripes	Al	1	TRUE	FALSE	tissue	NA	1	4	untreated	17/06/2022	ISB1-A	A	12/07/2022	Laura	FWD01	REV08
Al1.5A_FWD01	Al1.5A	184360	127728	Acropora loripes	Al	1	TRUE	FALSE	tissue	NA	1	5	PMA-treated	17/06/2022	ISB1-A	A	12/07/2022	Laura	FWD01	REV09
Al1.5B_FWD01	Al1.5B	14629	9322	Acropora loripes	Al	1	TRUE	FALSE	tissue	NA	1	5	untreated	17/06/2022	ISB1-A	A	12/07/2022	Laura	FWD01	REV10
Al2.1A_FWD01	Al2.1A	34929	24513	Acropora loripes	Al	1	TRUE	FALSE	tissue	NA	2	1	PMA-treated	17/06/2022	ISB1-A	B	12/07/2022	Laura	FWD01	REV11
Al2.1B_FWD01	Al2.1B	6468	4218	Acropora loripes	Al	1	TRUE	FALSE	tissue	NA	2	1	untreated	17/06/2022	ISB1-A	B	12/07/2022	Laura	FWD01	REV12
Al2.2A_FWD02	Al2.2A	54447	36547	Acropora loripes	Al	1	TRUE	FALSE	tissue	NA	2	2	PMA-treated	17/06/2022	ISB1-A	B	12/07/2022	Laura	FWD02	REV01
Al2.2B_FWD02	Al2.2B	8468	5316	Acropora loripes	Al	1	TRUE	FALSE	tissue	NA	2	2	untreated	17/06/2022	ISB1-A	B	12/07/2022	Laura	FWD02	REV02
Al2.3A_FWD02	Al2.3A	71982	48407	Acropora loripes	Al	1	TRUE	FALSE	tissue	NA	2	3	PMA-treated	17/06/2022	ISB1-A	B	12/07/2022	Laura	FWD02	REV03
Al2.3B_FWD02	Al2.3B	19730	13875	Acropora loripes	Al	1	TRUE	FALSE	tissue	NA	2	3	untreated	17/06/2022	ISB1-A	B	12/07/2022	Laura	FWD02	REV04
Al2.4A_FWD01	Al2.4A	491	317	Acropora loripes	Al	2	FALSE	FALSE	tissue	NA	2	4	PMA-treated	17/06/2022	ISB1-A	NA	12/07/2022	Laura	FWD01	REV13
Al2.4A_FWD02	Al2.4A	3161	2118	Acropora loripes	Al	1	TRUE	FALSE	tissue	NA	2	4	PMA-treated	17/06/2022	ISB1-A	B	12/07/2022	Laura	FWD02	REV05
Al2.4B_FWD01	Al2.4B	568	327	Acropora loripes	Al	2	FALSE	FALSE	tissue	NA	2	4	untreated	17/06/2022	ISB1-A	NA	12/07/2022	Laura	FWD01	REV14
Al2.4B_FWD02	Al2.4B	477	332	Acropora loripes	Al	1	TRUE	FALSE	tissue	NA	2	4	untreated	17/06/2022	ISB1-A	B	12/07/2022	Laura	FWD02	REV06
Al2.5A_FWD02	Al2.5A	98775	60737	Acropora loripes	Al	1	TRUE	FALSE	tissue	NA	2	5	PMA-treated	17/06/2022	ISB1-A	B	12/07/2022	Laura	FWD02	REV07
Al2.5B_FWD02	Al2.5B	17442	11086	Acropora loripes	Al	1	TRUE	FALSE	tissue	NA	2	5	untreated	17/06/2022	ISB1-A	B	12/07/2022	Laura	FWD02	REV08
Al3.1A_FWD02	Al3.1A	45295	31527	Acropora loripes	Al	1	TRUE	FALSE	tissue	NA	3	1	PMA-treated	17/06/2022	ISB1-A	C	12/07/2022	Laura	FWD02	REV09
Al3.1B_FWD01	Al3.1B	1946	1135	Acropora loripes	Al	2	FALSE	FALSE	tissue	NA	3	1	untreated	17/06/2022	ISB1-A	NA	12/07/2022	Laura	FWD01	REV15
Al3.1B_FWD02	Al3.1B	2413	1467	Acropora loripes	Al	1	TRUE	FALSE	tissue	NA	3	1	untreated	17/06/2022	ISB1-A	C	12/07/2022	Laura	FWD02	REV10
Al3.2A_FWD02	Al3.2A	121846	85633	Acropora loripes	Al	1	TRUE	FALSE	tissue	NA	3	2	PMA-treated	17/06/2022	ISB1-A	C	12/07/2022	Laura	FWD02	REV11
Al3.2B_FWD01	Al3.2B	508	302	Acropora loripes	Al	2	FALSE	FALSE	tissue	NA	3	2	untreated	17/06/2022	ISB1-A	NA	12/07/2022	Laura	FWD01	REV16
Al3.2B_FWD02	Al3.2B	3469	2182	Acropora loripes	Al	1	TRUE	FALSE	tissue	NA	3	2	untreated	17/06/2022	ISB1-A	C	12/07/2022	Laura	FWD02	REV12
Al3.3A_FWD01	Al3.3A	9163	4545	Acropora loripes	Al	2	TRUE	FALSE	tissue	NA	3	3	PMA-treated	17/06/2022	ISB1-A	NA	12/07/2022	Laura	FWD01	REV17
Al3.3A_FWD03	Al3.3A	68	36	Acropora loripes	Al	1	FALSE	FALSE	tissue	NA	3	3	PMA-treated	17/06/2022	ISB1-A	C	12/07/2022	Laura	FWD03	REV01
Al3.3B_FWD01	Al3.3B	8595	4537	Acropora loripes	Al	2	TRUE	FALSE	tissue	NA	3	3	untreated	17/06/2022	ISB1-A	NA	12/07/2022	Laura	FWD01	REV18
Al3.3B_FWD03	Al3.3B	110	67	Acropora loripes	Al	1	FALSE	FALSE	tissue	NA	3	3	untreated	17/06/2022	ISB1-A	C	12/07/2022	Laura	FWD03	REV02
Al3.4A_FWD01	Al3.4A	1660	809	Acropora loripes	Al	2	TRUE	FALSE	tissue	NA	3	4	PMA-treated	17/06/2022	ISB1-A	NA	12/07/2022	Laura	FWD01	REV19
Al3.4A_FWD03	Al3.4A	49	24	Acropora loripes	Al	1	FALSE	FALSE	tissue	NA	3	4	PMA-treated	17/06/2022	ISB1-A	C	12/07/2022	Laura	FWD03	REV03
Al3.4B_FWD01	Al3.4B	3346	1906	Acropora loripes	Al	2	TRUE	FALSE	tissue	NA	3	4	untreated	17/06/2022	ISB1-A	NA	12/07/2022	Laura	FWD01	REV20
Al3.4B_FWD03	Al3.4B	63	30	Acropora loripes	Al	1	FALSE	FALSE	tissue	NA	3	4	untreated	17/06/2022	ISB1-A	C	12/07/2022	Laura	FWD03	REV04
Al3.5A_FWD01	Al3.5A	1947	994	Acropora loripes	Al	2	TRUE	FALSE	tissue	NA	3	5	PMA-treated	17/06/2022	ISB1-A	NA	12/07/2022	Laura	FWD01	REV21
Al3.5A_FWD03	Al3.5A	5	4	Acropora loripes	Al	1	FALSE	FALSE	tissue	NA	3	5	PMA-treated	17/06/2022	ISB1-A	C	12/07/2022	Laura	FWD03	REV05
Al3.5B_FWD01	Al3.5B	3374	1934	Acropora loripes	Al	2	TRUE	FALSE	tissue	NA	3	5	untreated	17/06/2022	ISB1-A	NA	12/07/2022	Laura	FWD01	REV22
Al3.5B_FWD03	Al3.5B	38	20	Acropora loripes	Al	1	FALSE	FALSE	tissue	NA	3	5	untreated	17/06/2022	ISB1-A	C	12/07/2022	Laura	FWD03	REV06
Al4.1A_FWD01	Al4.1A	506	297	Acropora loripes	Al	2	TRUE	FALSE	tissue	NA	4	1	PMA-treated	17/06/2022	OHP1-SUMP	E	12/07/2022	Laura	FWD01	REV23
Al4.1A_FWD03	Al4.1A	13	3	Acropora loripes	Al	1	FALSE	FALSE	tissue	NA	4	1	PMA-treated	17/06/2022	OHP1-SUMP	E	12/07/2022	Laura	FWD03	REV07
Al4.1B_FWD01	Al4.1B	218	93	Acropora loripes	Al	2	TRUE	FALSE	tissue	NA	4	1	untreated	17/06/2022	OHP1-SUMP	E	12/07/2022	Laura	FWD01	REV24
Al4.1B_FWD03	Al4.1B	27	14	Acropora loripes	Al	1	FALSE	FALSE	tissue	NA	4	1	untreated	17/06/2022	OHP1-SUMP	E	12/07/2022	Laura	FWD03	REV08
Al4.2A_FWD02	Al4.2A	18	8	Acropora loripes	Al	2	FALSE	FALSE	tissue	NA	4	2	PMA-treated	17/06/2022	OHP1-SUMP	E	12/07/2022	Laura	FWD02	REV13
Al4.2A_FWD03	Al4.2A	24	13	Acropora loripes	Al	1	TRUE	FALSE	tissue	NA	4	2	PMA-treated	17/06/2022	OHP1-SUMP	E	12/07/2022	Laura	FWD03	REV09
Al4.2B_FWD02	Al4.2B	3278	737	Acropora loripes	Al	2	TRUE	FALSE	tissue	NA	4	2	untreated	17/06/2022	OHP1-SUMP	E	12/07/2022	Laura	FWD02	REV14
Al4.2B_FWD03	Al4.2B	16	5	Acropora loripes	Al	1	FALSE	FALSE	tissue	NA	4	2	untreated	17/06/2022	OHP1-SUMP	E	12/07/2022	Laura	FWD03	REV10
Al4.3A_FWD02	Al4.3A	4963	2760	Acropora loripes	Al	2	TRUE	FALSE	tissue	NA	4	3	PMA-treated	17/06/2022	OHP1-SUMP	E	12/07/2022	Laura	FWD02	REV15
Al4.3A_FWD03	Al4.3A	149	99	Acropora loripes	Al	1	FALSE	FALSE	tissue	NA	4	3	PMA-treated	17/06/2022	OHP1-SUMP	E	12/07/2022	Laura	FWD03	REV11
Al4.3B_FWD02	Al4.3B	4417	2037	Acropora loripes	Al	2	TRUE	FALSE	tissue	NA	4	3	untreated	17/06/2022	OHP1-SUMP	E	12/07/2022	Laura	FWD02	REV16
Al4.3B_FWD03	Al4.3B	20	12	Acropora loripes	Al	1	FALSE	FALSE	tissue	NA	4	3	untreated	17/06/2022	OHP1-SUMP	E	12/07/2022	Laura	FWD03	REV12
Al4.4A_FWD02	Al4.4A	467	225	Acropora loripes	Al	2	FALSE	FALSE	tissue	NA	4	4	PMA-treated	17/06/2022	OHP1-SUMP	E	12/07/2022	Laura	FWD02	REV17
Al4.4A_FWD04	Al4.4A	1770	1268	Acropora loripes	Al	1	TRUE	FALSE	tissue	NA	4	4	PMA-treated	17/06/2022	OHP1-SUMP	E	12/07/2022	Laura	FWD04	REV01
Al4.4B_FWD04	Al4.4B	5114	3114	Acropora loripes	Al	1	TRUE	FALSE	tissue	NA	4	4	untreated	17/06/2022	OHP1-SUMP	E	12/07/2022	Laura	FWD04	REV02
Al4.5A_FWD04	Al4.5A	12110	7031	Acropora loripes	Al	1	TRUE	FALSE	tissue	NA	4	5	PMA-treated	17/06/2022	OHP1-SUMP	E	12/07/2022	Laura	FWD04	REV03
Al4.5B_FWD04	Al4.5B	8647	5841	Acropora loripes	Al	1	TRUE	FALSE	tissue	NA	4	5	untreated	17/06/2022	OHP1-SUMP	E	12/07/2022	Laura	FWD04	REV04
Al5.1A_FWD02	Al5.1A	626	355	Acropora loripes	Al	2	FALSE	FALSE	tissue	NA	5	1	PMA-treated	17/06/2022	OHP1-SUMP	M	12/07/2022	Laura	FWD02	REV18
Al5.1A_FWD04	Al5.1A	3524	2050	Acropora loripes	Al	1	TRUE	FALSE	tissue	NA	5	1	PMA-treated	17/06/2022	OHP1-SUMP	M	12/07/2022	Laura	FWD04	REV05
Al5.1B_FWD04	Al5.1B	7418	5140	Acropora loripes	Al	1	TRUE	FALSE	tissue	NA	5	1	untreated	17/06/2022	OHP1-SUMP	M	12/07/2022	Laura	FWD04	REV06
Al5.2A_FWD04	Al5.2A	84423	4895	Acropora loripes	Al	1	TRUE	FALSE	tissue	NA	5	2	PMA-treated	17/06/2022	OHP1-SUMP	M	12/07/2022	Laura	FWD04	REV07
Al5.2B_FWD02	Al5.2B	2253	1213	Acropora loripes	Al	2	FALSE	FALSE	tissue	NA	5	2	untreated	17/06/2022	OHP1-SUMP	M	12/07/2022	Laura	FWD02	REV19
Al5.2B_FWD04	Al5.2B	3793	2419	Acropora loripes	Al	1	TRUE	FALSE	tissue	NA	5	2	untreated	17/06/2022	OHP1-SUMP	M	12/07/2022	Laura	FWD04	REV08
Al5.3A_FWD04	Al5.3A	14126	9585	Acropora loripes	Al	1	TRUE	FALSE	tissue	NA	5	3	PMA-treated	17/06/2022	OHP1-SUMP	M	12/07/2022	Laura	FWD04	REV09
Al5.3B_FWD04	Al5.3B	10267	6405	Acropora loripes	Al	1	TRUE	FALSE	tissue	NA	5	3	untreated	17/06/2022	OHP1-SUMP	M	12/07/2022	Laura	FWD04	REV10
Al5.4A_FWD04	Al5.4A	9221	6541	Acropora loripes	Al	1	TRUE	FALSE	tissue	NA	5	4	PMA-treated	17/06/2022	OHP1-SUMP	M	14/07/2022	Laura	FWD04	REV11
Al5.4B_FWD04	Al5.4B	15589	9872	Acropora loripes	Al	1	TRUE	FALSE	tissue	NA	5	4	untreated	17/06/2022	OHP1-SUMP	M	14/07/2022	Laura	FWD04	REV12
Al5.5A_FWD05	Al5.5A	48134	33746	Acropora loripes	Al	1	TRUE	FALSE	tissue	NA	5	5	PMA-treated	17/06/2022	OHP1-SUMP	M	14/07/2022	Laura	FWD05	REV01
Al5.5B_FWD05	Al5.5B	10335	6545	Acropora loripes	Al	1	TRUE	FALSE	tissue	NA	5	5	untreated	17/06/2022	OHP1-SUMP	M	14/07/2022	Laura	FWD05	REV02
Am1.1A_FWD01	Am1.1A	98	54	Acropora millepora	Am	1	FALSE	FALSE	tissue	NA	1	1	PMA-treated	15/06/2022	M1S8-A	Green	04/07/2022	Ashley	FWD01	REV13
Am1.1A_FWD02	Am1.1A	3370	1896	Acropora millepora	Am	2	TRUE	FALSE	tissue	NA	1	1	PMA-treated	15/06/2022	M1S8-A	Green	04/07/2022	Laura	FWD02	REV20
Am1.1B_FWD01	Am1.1B	25330	16851	Acropora millepora	Am	1	TRUE	FALSE	tissue	NA	1	1	untreated	15/06/2022	M1S8-A	Green	04/07/2022	Ashley	FWD01	REV14
Am1.2A_FWD01	Am1.2A	13511	9023	Acropora millepora	Am	1	TRUE	FALSE	tissue	NA	1	2	PMA-treated	15/06/2022	M1S8-A	Green	04/07/2022	Ashley	FWD01	REV15
Am1.2B_FWD01	Am1.2B	28635	19865	Acropora millepora	Am	1	TRUE	FALSE	tissue	NA	1	2	untreated	15/06/2022	M1S8-A	Green	04/07/2022	Ashley	FWD01	REV16
Am1.3A_FWD01	Am1.3A	13839	9377	Acropora millepora	Am	1	TRUE	FALSE	tissue	NA	1	3	PMA-treated	15/06/2022	M1S8-A	Green	04/07/2022	Ashley	FWD01	REV17
Am1.3B_FWD01	Am1.3B	30910	20300	Acropora millepora	Am	1	TRUE	FALSE	tissue	NA	1	3	untreated	15/06/2022	M1S8-A	Green	04/07/2022	Ashley	FWD01	REV18
Am1.4A_FWD01	Am1.4A	26344	18106	Acropora millepora	Am	1	TRUE	FALSE	tissue	NA	1	4	PMA-treated	15/06/2022	M1S8-A	Green	04/07/2022	Ashley	FWD01	REV19
Am1.4B_FWD01	Am1.4B	51149	33191	Acropora millepora	Am	1	TRUE	FALSE	tissue	NA	1	4	untreated	15/06/2022	M1S8-A	Green	04/07/2022	Ashley	FWD01	REV20
Am1.5A_FWD01	Am1.5A	21363	14867	Acropora millepora	Am	1	TRUE	FALSE	tissue	NA	1	5	PMA-treated	15/06/2022	M1S8-A	Green	04/07/2022	Ashley	FWD01	REV21
Am1.5B_FWD01	Am1.5B	29246	20426	Acropora millepora	Am	1	TRUE	FALSE	tissue	NA	1	5	untreated	15/06/2022	M1S8-A	Green	04/07/2022	Ashley	FWD01	REV22
Am2.1A_FWD01	Am2.1A	102628	53320	Acropora millepora	Am	1	TRUE	FALSE	tissue	NA	2	1	PMA-treated	15/06/2022	M1S8-A	Cream	04/07/2022	Ashley	FWD01	REV23
Am2.1B_FWD01	Am2.1B	37393	22106	Acropora millepora	Am	1	TRUE	FALSE	tissue	NA	2	1	untreated	15/06/2022	M1S8-A	Cream	04/07/2022	Ashley	FWD01	REV24
Am2.2A_FWD02	Am2.2A	23	9	Acropora millepora	Am	1	FALSE	FALSE	tissue	NA	2	2	PMA-treated	15/06/2022	M1S8-A	Cream	04/07/2022	Ashley	FWD02	REV13
Am2.2A_FWD03	Am2.2A	2873	1533	Acropora millepora	Am	2	TRUE	FALSE	tissue	NA	2	2	PMA-treated	15/06/2022	M1S8-A	Cream	04/07/2022	Laura	FWD02	REV21
Am2.2B_FWD02	Am2.2B	24473	16441	Acropora millepora	Am	1	TRUE	FALSE	tissue	NA	2	2	untreated	15/06/2022	M1S8-A	Cream	04/07/2022	Ashley	FWD02	REV14
Am2.3A_FWD02	Am2.3A	18766	12576	Acropora millepora	Am	1	TRUE	FALSE	tissue	NA	2	3	PMA-treated	15/06/2022	M1S8-A	Cream	04/07/2022	Ashley	FWD02	REV15
Am2.3B_FWD02	Am2.3B	73775	52625	Acropora millepora	Am	1	TRUE	FALSE	tissue	NA	2	3	untreated	15/06/2022	M1S8-A	Cream	04/07/2022	Ashley	FWD02	REV16
Am2.4A_FWD02	Am2.4A	4057	2742	Acropora millepora	Am	1	TRUE	FALSE	tissue	NA	2	4	PMA-treated	15/06/2022	M1S8-A	Cream	06/07/2022	Ashley	FWD02	REV17
Am2.4A_FWD03	Am2.4A	4371	2344	Acropora millepora	Am	2	FALSE	FALSE	tissue	NA	2	4	PMA-treated	15/06/2022	M1S8-A	NA	06/07/2022	Laura	FWD02	REV22
Am2.4B_FWD02	Am2.4B	933	529	Acropora millepora	Am	1	FALSE	FALSE	tissue	NA	2	4	untreated	15/06/2022	M1S8-A	Cream	06/07/2022	Ashley	FWD02	REV18
Am2.4B_FWD03	Am2.4B	14558	8173	Acropora millepora	Am	2	TRUE	FALSE	tissue	NA	2	4	untreated	15/06/2022	M1S8-A	NA	06/07/2022	Laura	FWD02	REV23
Am2.5A_FWD02	Am2.5A	14072	10026	Acropora millepora	Am	1	TRUE	FALSE	tissue	NA	2	5	PMA-treated	15/06/2022	M1S8-A	Cream	06/07/2022	Ashley	FWD02	REV19
Am2.5B_FWD02	Am2.5B	5	2	Acropora millepora	Am	1	FALSE	FALSE	tissue	NA	2	5	untreated	15/06/2022	M1S8-A	Cream	06/07/2022	Ashley	FWD02	REV20
Am2.5B_FWD03	Am2.5B	4911	2876	Acropora millepora	Am	2	TRUE	FALSE	tissue	NA	2	5	untreated	15/06/2022	M1S8-A	NA	06/07/2022	Laura	FWD02	REV24
Am3.1A_FWD02	Am3.1A	42940	27325	Acropora millepora	Am	1	TRUE	FALSE	tissue	NA	3	1	PMA-treated	15/06/2022	M1S8-A	Blue	06/07/2022	Ashley	FWD02	REV21
Am3.1B_FWD02	Am3.1B	41253	29587	Acropora millepora	Am	1	TRUE	FALSE	tissue	NA	3	1	untreated	15/06/2022	M1S8-A	Blue	06/07/2022	Ashley	FWD02	REV22
Am3.2A_FWD02	Am3.2A	31315	21657	Acropora millepora	Am	1	TRUE	FALSE	tissue	NA	3	2	PMA-treated	15/06/2022	M1S8-A	Blue	06/07/2022	Ashley	FWD02	REV23
Am3.2B_FWD02	Am3.2B	493	69	Acropora millepora	Am	1	FALSE	FALSE	tissue	NA	3	2	untreated	15/06/2022	M1S8-A	Blue	06/07/2022	Ashley	FWD02	REV24
Am3.2B_FWD03	Am3.2B	1684	923	Acropora millepora	Am	2	TRUE	FALSE	tissue	NA	3	2	untreated	15/06/2022	M1S8-A	NA	06/07/2022	Laura	FWD03	REV13
Am3.3A_FWD03	Am3.3A	2841	1909	Acropora millepora	Am	1	TRUE	FALSE	tissue	NA	3	3	PMA-treated	15/06/2022	M1S8-A	Blue	06/07/2022	Ashley	FWD03	REV13
Am3.3A_FWD02	Am3.3A	219	92	Acropora millepora	Am	2	FALSE	FALSE	tissue	NA	3	3	PMA-treated	15/06/2022	M1S8-A	NA	06/07/2022	Laura	FWD03	REV14
Am3.3B_FWD03	Am3.3B	1150	773	Acropora millepora	Am	1	FALSE	FALSE	tissue	NA	3	3	untreated	15/06/2022	M1S8-A	Blue	06/07/2022	Ashley	FWD03	REV14
Am3.3B_FWD02	Am3.3B	4077	2186	Acropora millepora	Am	2	TRUE	FALSE	tissue	NA	3	3	untreated	15/06/2022	M1S8-A	NA	06/07/2022	Laura	FWD03	REV15
Am3.4A_FWD03	Am3.4A	29157	20252	Acropora millepora	Am	1	TRUE	FALSE	tissue	NA	3	4	PMA-treated	15/06/2022	M1S8-A	Blue	06/07/2022	Ashley	FWD03	REV15
Am3.4B_FWD03	Am3.4B	14461	10212	Acropora millepora	Am	1	TRUE	FALSE	tissue	NA	3	4	untreated	15/06/2022	M1S8-A	Blue	06/07/2022	Ashley	FWD03	REV16
Am3.5A_FWD03	Am3.5A	41332	28522	Acropora millepora	Am	1	TRUE	FALSE	tissue	NA	3	5	PMA-treated	15/06/2022	M1S8-A	Blue	06/07/2022	Ashley	FWD03	REV17
Am3.5B_FWD03	Am3.5B	5963	4082	Acropora millepora	Am	1	TRUE	FALSE	tissue	NA	3	5	untreated	15/06/2022	M1S8-A	Blue	06/07/2022	Ashley	FWD03	REV18
Am4.1A_FWD03	Am4.1A	9582	6702	Acropora millepora	Am	1	TRUE	FALSE	tissue	NA	4	1	PMA-treated	15/06/2022	M1S8-A	Black	06/07/2022	Ashley	FWD03	REV19
Am4.1B_FWD03	Am4.1B	814	157	Acropora millepora	Am	1	FALSE	FALSE	tissue	NA	4	1	untreated	15/06/2022	M1S8-A	Black	06/07/2022	Ashley	FWD03	REV20
Am4.1B_FWD02	Am4.1B	16731	9212	Acropora millepora	Am	2	TRUE	FALSE	tissue	NA	4	1	untreated	15/06/2022	M1S8-A	NA	06/07/2022	Laura	FWD03	REV16
Am4.2A_FWD03	Am4.2A	17695	12185	Acropora millepora	Am	1	TRUE	FALSE	tissue	NA	4	2	PMA-treated	15/06/2022	M1S8-A	Black	06/07/2022	Ashley	FWD03	REV21
Am4.2B_FWD03	Am4.2B	2593	1726	Acropora millepora	Am	1	TRUE	FALSE	tissue	NA	4	2	untreated	15/06/2022	M1S8-A	Black	06/07/2022	Ashley	FWD03	REV22
Am4.2B_FWD02	Am4.2B	1374	708	Acropora millepora	Am	2	FALSE	FALSE	tissue	NA	4	2	untreated	15/06/2022	M1S8-A	NA	06/07/2022	Laura	FWD03	REV17
Am4.3A_FWD03	Am4.3A	10658	7047	Acropora millepora	Am	1	TRUE	FALSE	tissue	NA	4	3	PMA-treated	15/06/2022	M1S8-A	Black	06/07/2022	Ashley	FWD03	REV23
Am4.3B_FWD03	Am4.3B	17703	12321	Acropora millepora	Am	1	TRUE	FALSE	tissue	NA	4	3	untreated	15/06/2022	M1S8-A	Black	06/07/2022	Ashley	FWD03	REV24
Am4.4A_FWD04	Am4.4A	7006	4753	Acropora millepora	Am	1	TRUE	FALSE	tissue	NA	4	4	PMA-treated	15/06/2022	M1S8-A	Black	06/07/2022	Ashley	FWD04	REV13
Am4.4B_FWD03	Am4.4B	569	319	Acropora millepora	Am	2	FALSE	FALSE	tissue	NA	4	4	untreated	15/06/2022	M1S8-A	NA	06/07/2022	Laura	FWD03	REV18
Am4.4B_FWD04	Am4.4B	2078	1357	Acropora millepora	Am	1	TRUE	FALSE	tissue	NA	4	4	untreated	15/06/2022	M1S8-A	Black	06/07/2022	Ashley	FWD04	REV14
Am4.5A_FWD04	Am4.5A	23971	16320	Acropora millepora	Am	1	TRUE	FALSE	tissue	NA	4	5	PMA-treated	15/06/2022	M1S8-A	Black	06/07/2022	Ashley	FWD04	REV15
Am4.5B_FWD04	Am4.5B	13864	9868	Acropora millepora	Am	1	TRUE	FALSE	tissue	NA	4	5	untreated	15/06/2022	M1S8-A	Black	06/07/2022	Ashley	FWD04	REV16
Am5.1A_FWD04	Am5.1A	115336	79838	Acropora millepora	Am	1	TRUE	FALSE	tissue	NA	5	1	PMA-treated	17/06/2022	SGS2-C	Black	06/07/2022	Laura	FWD04	REV17
Am5.1B_FWD04	Am5.1B	69054	47644	Acropora millepora	Am	1	TRUE	FALSE	tissue	NA	5	1	untreated	17/06/2022	SGS2-C	Black	06/07/2022	Laura	FWD04	REV18
Am5.2A_FWD04	Am5.2A	92794	63539	Acropora millepora	Am	1	TRUE	FALSE	tissue	NA	5	2	PMA-treated	17/06/2022	SGS2-C	Black	06/07/2022	Laura	FWD04	REV19
Am5.2B_FWD04	Am5.2B	126898	83756	Acropora millepora	Am	1	TRUE	FALSE	tissue	NA	5	2	untreated	17/06/2022	SGS2-C	Black	06/07/2022	Laura	FWD04	REV20
Am5.3A_FWD04	Am5.3A	106180	71753	Acropora millepora	Am	1	TRUE	FALSE	tissue	NA	5	3	PMA-treated	17/06/2022	SGS2-C	Black	06/07/2022	Laura	FWD04	REV21
Am5.3B_FWD04	Am5.3B	67100	47984	Acropora millepora	Am	1	TRUE	FALSE	tissue	NA	5	3	untreated	17/06/2022	SGS2-C	Black	06/07/2022	Laura	FWD04	REV22
Am5.4A_FWD04	Am5.4A	138820	89089	Acropora millepora	Am	1	TRUE	FALSE	tissue	NA	5	4	PMA-treated	17/06/2022	SGS2-C	Black	06/07/2022	Laura	FWD04	REV23
Am5.4B_FWD04	Am5.4B	109004	73708	Acropora millepora	Am	1	TRUE	FALSE	tissue	NA	5	4	untreated	17/06/2022	SGS2-C	Black	06/07/2022	Laura	FWD04	REV24
Am5.5A_FWD05	Am5.5A	69158	46718	Acropora millepora	Am	1	TRUE	FALSE	tissue	NA	5	5	PMA-treated	17/06/2022	SGS2-C	Black	06/07/2022	Laura	FWD05	REV13
Am5.5B_FWD03	Am5.5B	299	173	Acropora millepora	Am	2	FALSE	FALSE	tissue	NA	5	5	untreated	17/06/2022	SGS2-C	NA	06/07/2022	Laura	FWD03	REV19
Am5.5B_FWD05	Am5.5B	317	173	Acropora millepora	Am	1	TRUE	FALSE	tissue	NA	5	5	untreated	17/06/2022	SGS2-C	Black	06/07/2022	Laura	FWD05	REV14
At1.1A_FWD05	At1.1A	61663	12443	Acropora tenuis	At	1	TRUE	FALSE	tissue	NA	1	1	PMA-treated	16/06/2022	OHP1-SUMP	A	11/07/2022	Laura	FWD05	REV03
At1.1B_FWD05	At1.1B	71697	46231	Acropora tenuis	At	1	TRUE	FALSE	tissue	NA	1	1	untreated	16/06/2022	OHP1-SUMP	A	11/07/2022	Laura	FWD05	REV04
At1.2A_FWD05	At1.2A	17589	11007	Acropora tenuis	At	1	TRUE	FALSE	tissue	NA	1	2	PMA-treated	16/06/2022	OHP1-SUMP	A	11/07/2022	Laura	FWD05	REV05
At1.2B_FWD03	At1.2B	1296	706	Acropora tenuis	At	2	FALSE	FALSE	tissue	NA	1	2	untreated	16/06/2022	OHP1-SUMP	NA	11/07/2022	Laura	FWD03	REV20
At1.2B_FWD05	At1.2B	2007	1385	Acropora tenuis	At	1	TRUE	FALSE	tissue	NA	1	2	untreated	16/06/2022	OHP1-SUMP	A	11/07/2022	Laura	FWD05	REV06
At1.3A_FWD05	At1.3A	73275	44146	Acropora tenuis	At	1	TRUE	FALSE	tissue	NA	1	3	PMA-treated	16/06/2022	OHP1-SUMP	A	07/07/2022	Ashley	FWD05	REV07
At1.3B_FWD05	At1.3B	70822	42265	Acropora tenuis	At	1	TRUE	FALSE	tissue	NA	1	3	untreated	16/06/2022	OHP1-SUMP	A	07/07/2022	Ashley	FWD05	REV08
At1.4A_FWD05	At1.4A	41481	26041	Acropora tenuis	At	1	TRUE	FALSE	tissue	NA	1	4	PMA-treated	16/06/2022	OHP1-SUMP	A	07/07/2022	Ashley	FWD05	REV09
At1.4B_FWD05	At1.4B	20496	11811	Acropora tenuis	At	1	TRUE	FALSE	tissue	NA	1	4	untreated	16/06/2022	OHP1-SUMP	A	07/07/2022	Ashley	FWD05	REV10
At1.5A_FWD05	At1.5A	90746	57348	Acropora tenuis	At	1	TRUE	FALSE	tissue	NA	1	5	PMA-treated	16/06/2022	OHP1-SUMP	A	07/07/2022	Ashley	FWD05	REV11
At1.5B_FWD05	At1.5B	65995	37867	Acropora tenuis	At	1	TRUE	FALSE	tissue	NA	1	5	untreated	16/06/2022	OHP1-SUMP	A	07/07/2022	Ashley	FWD05	REV12
At2.1A_FWD06	At2.1A	72688	46807	Acropora tenuis	At	1	TRUE	FALSE	tissue	NA	2	1	PMA-treated	16/06/2022	OHP1-SUMP	B	07/07/2022	Ashley	FWD06	REV01
At2.1B_FWD06	At2.1B	45678	27307	Acropora tenuis	At	1	TRUE	FALSE	tissue	NA	2	1	untreated	16/06/2022	OHP1-SUMP	B	07/07/2022	Ashley	FWD06	REV02
At2.2A_FWD06	At2.2A	66589	40703	Acropora tenuis	At	1	TRUE	FALSE	tissue	NA	2	2	PMA-treated	16/06/2022	OHP1-SUMP	B	07/07/2022	Ashley	FWD06	REV03
At2.2B_FWD06	At2.2B	60591	40003	Acropora tenuis	At	1	TRUE	FALSE	tissue	NA	2	2	untreated	16/06/2022	OHP1-SUMP	B	07/07/2022	Ashley	FWD06	REV04
At2.3A_FWD06	At2.3A	88077	56862	Acropora tenuis	At	1	TRUE	FALSE	tissue	NA	2	3	PMA-treated	16/06/2022	OHP1-SUMP	B	07/07/2022	Ashley	FWD06	REV05
At2.3B_FWD06	At2.3B	28548	19073	Acropora tenuis	At	1	TRUE	FALSE	tissue	NA	2	3	untreated	16/06/2022	OHP1-SUMP	B	07/07/2022	Ashley	FWD06	REV06
At2.4A_FWD06	At2.4A	96362	59992	Acropora tenuis	At	1	TRUE	FALSE	tissue	NA	2	4	PMA-treated	16/06/2022	OHP1-SUMP	B	07/07/2022	Ashley	FWD06	REV07
At2.4B_FWD06	At2.4B	71165	43838	Acropora tenuis	At	1	TRUE	FALSE	tissue	NA	2	4	untreated	16/06/2022	OHP1-SUMP	B	07/07/2022	Ashley	FWD06	REV08
At2.5A_FWD06	At2.5A	71382	48498	Acropora tenuis	At	1	TRUE	FALSE	tissue	NA	2	5	PMA-treated	16/06/2022	OHP1-SUMP	B	07/07/2022	Ashley	FWD06	REV09
At2.5B_FWD06	At2.5B	62578	38650	Acropora tenuis	At	1	TRUE	FALSE	tissue	NA	2	5	untreated	16/06/2022	OHP1-SUMP	B	07/07/2022	Ashley	FWD06	REV10
At3.1A_FWD06	At3.1A	89617	61339	Acropora tenuis	At	1	TRUE	FALSE	tissue	NA	3	1	PMA-treated	16/06/2022	OHP1-SUMP	C	07/07/2022	Ashley	FWD06	REV11
At3.1B_FWD06	At3.1B	73010	40052	Acropora tenuis	At	1	TRUE	FALSE	tissue	NA	3	1	untreated	16/06/2022	OHP1-SUMP	C	07/07/2022	Ashley	FWD06	REV12
At3.2A_FWD03	At3.2A	3604	1729	Acropora tenuis	At	2	TRUE	FALSE	tissue	NA	3	2	PMA-treated	16/06/2022	OHP1-SUMP	NA	07/07/2022	Laura	FWD03	REV21
At3.2A_FWD07	At3.2A	1793	673	Acropora tenuis	At	1	FALSE	FALSE	tissue	NA	3	2	PMA-treated	16/06/2022	OHP1-SUMP	C	07/07/2022	Ashley	FWD07	REV01
At3.2B_FWD07	At3.2B	57777	32602	Acropora tenuis	At	1	TRUE	FALSE	tissue	NA	3	2	untreated	16/06/2022	OHP1-SUMP	C	07/07/2022	Ashley	FWD07	REV02
At3.3A_FWD07	At3.3A	46764	27199	Acropora tenuis	At	1	TRUE	FALSE	tissue	NA	3	3	PMA-treated	16/06/2022	OHP1-SUMP	C	07/07/2022	Ashley	FWD07	REV03
At3.3B_FWD07	At3.3B	62543	39795	Acropora tenuis	At	1	TRUE	FALSE	tissue	NA	3	3	untreated	16/06/2022	OHP1-SUMP	C	07/07/2022	Ashley	FWD07	REV04
At3.4A_FWD07	At3.4A	70568	44906	Acropora tenuis	At	1	TRUE	FALSE	tissue	NA	3	4	PMA-treated	16/06/2022	OHP1-SUMP	C	07/07/2022	Ashley	FWD07	REV05
At3.4B_FWD03	At3.4B	17878	9899	Acropora tenuis	At	2	TRUE	FALSE	tissue	NA	3	4	untreated	16/06/2022	OHP1-SUMP	NA	07/07/2022	Laura	FWD03	REV22
At3.4B_FWD07	At3.4B	224	136	Acropora tenuis	At	1	FALSE	FALSE	tissue	NA	3	4	untreated	16/06/2022	OHP1-SUMP	C	07/07/2022	Ashley	FWD07	REV06
At3.5A_FWD07	At3.5A	40509	23165	Acropora tenuis	At	1	TRUE	FALSE	tissue	NA	3	5	PMA-treated	16/06/2022	OHP1-SUMP	C	07/07/2022	Ashley	FWD07	REV07
At3.5B_FWD07	At3.5B	7378	4248	Acropora tenuis	At	1	TRUE	FALSE	tissue	NA	3	5	untreated	16/06/2022	OHP1-SUMP	C	07/07/2022	Ashley	FWD07	REV08
At4.1A_FWD07	At4.1A	35880	22443	Acropora tenuis	At	1	TRUE	FALSE	tissue	NA	4	1	PMA-treated	16/06/2022	OHP1-SUMP	D	07/07/2022	Ashley	FWD07	REV09
At4.1B_FWD07	At4.1B	22156	12393	Acropora tenuis	At	1	TRUE	FALSE	tissue	NA	4	1	untreated	16/06/2022	OHP1-SUMP	D	07/07/2022	Ashley	FWD07	REV10
At4.2A_FWD07	At4.2A	63886	40043	Acropora tenuis	At	1	TRUE	FALSE	tissue	NA	4	2	PMA-treated	16/06/2022	OHP1-SUMP	D	07/07/2022	Ashley	FWD07	REV11
At4.2B_FWD07	At4.2B	69285	40609	Acropora tenuis	At	1	TRUE	FALSE	tissue	NA	4	2	untreated	16/06/2022	OHP1-SUMP	D	07/07/2022	Ashley	FWD07	REV12
At4.3A_FWD08	At4.3A	66286	41990	Acropora tenuis	At	1	TRUE	FALSE	tissue	NA	4	3	PMA-treated	16/06/2022	OHP1-SUMP	D	07/07/2022	Ashley	FWD08	REV01
At4.3B_FWD08	At4.3B	38476	22019	Acropora tenuis	At	1	TRUE	FALSE	tissue	NA	4	3	untreated	16/06/2022	OHP1-SUMP	D	07/07/2022	Ashley	FWD08	REV02
At4.4A_FWD08	At4.4A	33203	21189	Acropora tenuis	At	1	TRUE	FALSE	tissue	NA	4	4	PMA-treated	16/06/2022	OHP1-SUMP	D	07/07/2022	Ashley	FWD08	REV03
At4.4B_FWD08	At4.4B	98286	63317	Acropora tenuis	At	1	TRUE	FALSE	tissue	NA	4	4	untreated	16/06/2022	OHP1-SUMP	D	07/07/2022	Ashley	FWD08	REV04
At4.5A_FWD08	At4.5A	80174	53364	Acropora tenuis	At	1	TRUE	FALSE	tissue	NA	4	5	PMA-treated	16/06/2022	OHP1-SUMP	D	07/07/2022	Ashley	FWD08	REV05
At4.5B_FWD08	At4.5B	49667	32889	Acropora tenuis	At	1	TRUE	FALSE	tissue	NA	4	5	untreated	16/06/2022	OHP1-SUMP	D	07/07/2022	Ashley	FWD08	REV06
Bl1.1A_FWD05	Bl1.1A	256	151	Blank	Bl	1	TRUE	FALSE	tissue	NA	1	1	PMA-treated	15/06/2022	NA	NA	06/07/2022	Laura	FWD05	REV15
Bl1.1B_FWD05	Bl1.1B	651	379	Blank	Bl	1	TRUE	FALSE	tissue	NA	1	1	untreated	15/06/2022	NA	NA	04/07/2022	Ashley	FWD05	REV16
Bl1.2A_FWD05	Bl1.2A	163	97	Blank	Bl	1	TRUE	FALSE	tissue	NA	1	2	PMA-treated	15/06/2022	NA	NA	06/07/2022	Laura	FWD05	REV17
Bl1.2B_FWD05	Bl1.2B	149	66	Blank	Bl	1	TRUE	FALSE	tissue	NA	1	2	untreated	15/06/2022	NA	NA	04/07/2022	Laura	FWD05	REV18
Bl2.1A_FWD05	Bl2.1A	81	38	Blank	Bl	1	TRUE	FALSE	tissue	NA	2	1	PMA-treated	16/06/2022	NA	NA	07/07/2022	Ashley	FWD05	REV19
Bl2.1B_FWD05	Bl2.1B	241	137	Blank	Bl	1	TRUE	FALSE	tissue	NA	2	1	untreated	16/06/2022	NA	NA	07/07/2022	Ashley	FWD05	REV20
Bl2.2A_FWD05	Bl2.2A	109	41	Blank	Bl	1	TRUE	FALSE	tissue	NA	2	2	PMA-treated	16/06/2022	NA	NA	11/07/2022	Laura	FWD05	REV22
Bl2.2B_FWD05	Bl2.2B	370	228	Blank	Bl	1	TRUE	FALSE	tissue	NA	2	2	untreated	16/06/2022	NA	NA	11/07/2022	Laura	FWD05	REV21
Bl3.1A_FWD05	Bl3.1A	221	123	Blank	Bl	1	TRUE	FALSE	tissue	NA	3	1	PMA-treated	17/06/2022	NA	NA	14/07/2022	Laura	FWD05	REV23
Bl3.1B_FWD05	Bl3.1B	43	19	Blank	Bl	1	TRUE	FALSE	tissue	NA	3	1	untreated	17/06/2022	NA	NA	06/07/2022	Laura	FWD05	REV24
Bl3.2A_FWD06	Bl3.2A	586	369	Blank	Bl	1	TRUE	FALSE	tissue	NA	3	2	PMA-treated	17/06/2022	NA	NA	14/07/2022	Laura	FWD06	REV13
Bl3.2B_FWD06	Bl3.2B	105	60	Blank	Bl	1	TRUE	FALSE	tissue	NA	3	2	untreated	17/06/2022	NA	NA	06/07/2022	Laura	FWD06	REV14
EB01_FWD06	EB01	193	29	DNA Extract Blank	EB	1	TRUE	FALSE	tissue	NA	NA	1	NA	NA	NA	NA	21/06/2022	Ashley	FWD06	REV15
EB02_FWD06	EB02	143	83	DNA Extract Blank	EB	1	TRUE	FALSE	tissue	NA	NA	2	NA	NA	NA	NA	21/06/2022	Ashley	FWD06	REV16
EB03_FWD06	EB03	587	413	DNA Extract Blank	EB	1	TRUE	FALSE	tissue	NA	NA	3	NA	NA	NA	NA	04/07/2022	Ashley	FWD06	REV17
EB04_FWD06	EB04	254	91	DNA Extract Blank	EB	1	TRUE	FALSE	tissue	NA	NA	4	NA	NA	NA	NA	11/07/2022	Laura	FWD06	REV18
EB05_FWD06	EB05	392	274	DNA Extract Blank	EB	1	TRUE	FALSE	tissue	NA	NA	5	NA	NA	NA	NA	11/07/2022	Laura	FWD06	REV19
EB06_FWD06	EB06	123	60	DNA Extract Blank	EB	1	TRUE	FALSE	tissue	NA	NA	6	NA	NA	NA	NA	12/07/2022	Laura	FWD06	REV20
EB07_FWD06	EB07	51	19	DNA Extract Blank	EB	1	TRUE	FALSE	tissue	NA	NA	7	NA	NA	NA	NA	12/07/2022	Laura	FWD06	REV21
EB08_FWD06	EB08	208	51	DNA Extract Blank	EB	1	TRUE	FALSE	tissue	NA	NA	8	NA	NA	NA	NA	04/08/2022	Laura	FWD06	REV22
EB09_FWD06	EB09	206	134	DNA Extract Blank	EB	1	TRUE	FALSE	tissue	NA	NA	9	NA	NA	NA	NA	04/08/2022	Laura	FWD06	REV23
EB1_FWD01	EB1	1320	620	Acropora loripes	EB	2	FALSE	TRUE	extraction blank	NA	NA	NA	NA	NA	NA	NA	29/09/2022	Laura	FWD01	REV11
EB2_FWD01	EB2	1715	162	Acropora loripes	EB	2	FALSE	TRUE	extraction blank	NA	NA	NA	NA	NA	NA	NA	29/09/2022	Laura	FWD01	REV12
EB3_FWD02	EB3	2258	955	Acropora loripes	EB	2	FALSE	TRUE	extraction blank	NA	NA	NA	NA	NA	NA	NA	30/09/2022	Laura	FWD02	REV11
EB4_FWD02	EB4	1272	527	Acropora loripes	EB	2	FALSE	TRUE	extraction blank	NA	NA	NA	NA	NA	NA	NA	30/09/2022	Laura	FWD02	REV12
EB5_FWD07	EB5	207	68	Acropora loripes	EB	2	FALSE	TRUE	extraction blank	NA	NA	NA	NA	NA	NA	NA	3/10/2022	Laura	FWD07	REV11
EB6_FWD07	EB6	1276	207	Acropora loripes	EB	2	FALSE	TRUE	extraction blank	NA	NA	NA	NA	NA	NA	NA	3/10/2022	Laura	FWD07	REV12
H1_FWD08	H1	5516	2451	Acropora loripes	Al	2	FALSE	TRUE	Symbiodiniaceae	tag_0871	4	NA	NA	23/09/2022	MOS4-A	NA	30/09/2022	Laura	FWD08	REV01
Ho1.1_FWD02	Ho1.1	19077	10195	Acropora loripes	Al	2	FALSE	TRUE	holobiont	front_center	1	NA	NA	19/09/2022	ISB1-A	NA	29/09/2022	Laura	FWD02	REV06
Ho1.2_FWD02	Ho1.2	27231	11795	Acropora loripes	Al	2	FALSE	TRUE	holobiont	front_center	1	NA	NA	19/09/2022	ISB1-A	NA	29/09/2022	Laura	FWD02	REV07
Ho1.3_FWD02	Ho1.3	7242	3524	Acropora loripes	Al	2	FALSE	TRUE	holobiont	front_center	1	NA	NA	19/09/2022	ISB1-A	NA	29/09/2022	Laura	FWD02	REV08
Ho1.4_FWD02	Ho1.4	12921	6808	Acropora loripes	Al	2	FALSE	TRUE	holobiont	front_center	1	NA	NA	19/09/2022	ISB1-A	NA	29/09/2022	Laura	FWD02	REV09
Ho1.5_FWD02	Ho1.5	15088	7060	Acropora loripes	Al	2	FALSE	TRUE	holobiont	front_center	1	NA	NA	19/09/2022	ISB1-A	NA	29/09/2022	Laura	FWD02	REV10
Ho2.1_FWD04	Ho2.1	369	172	Acropora loripes	Al	2	FALSE	TRUE	holobiont	back_left	2	NA	NA	21/09/2022	ISB1-A	NA	30/09/2022	Laura	FWD04	REV06
Ho2.2_FWD04	Ho2.2	889	365	Acropora loripes	Al	2	FALSE	TRUE	holobiont	back_left	2	NA	NA	21/09/2022	ISB1-A	NA	30/09/2022	Laura	FWD04	REV07
Ho2.3_FWD04	Ho2.3	693	268	Acropora loripes	Al	2	FALSE	TRUE	holobiont	back_left	2	NA	NA	21/09/2022	ISB1-A	NA	30/09/2022	Laura	FWD04	REV08
Ho2.4_FWD04	Ho2.4	4821	2575	Acropora loripes	Al	2	FALSE	TRUE	holobiont	back_left	2	NA	NA	21/09/2022	ISB1-A	NA	30/09/2022	Laura	FWD04	REV09
Ho2.5_FWD04	Ho2.5	628	268	Acropora loripes	Al	2	FALSE	TRUE	holobiont	back_left	2	NA	NA	21/09/2022	ISB1-A	NA	30/09/2022	Laura	FWD04	REV10
Ho3.1_FWD12	Ho3.1	13146	5608	Acropora loripes	Al	2	FALSE	TRUE	holobiont	tag_0872	3	NA	NA	21/09/2022	MOS4-A	NA	29/09/2022	Laura	FWD12	REV03
Ho3.2_FWD12	Ho3.2	8169	3624	Acropora loripes	Al	2	FALSE	TRUE	holobiont	tag_0872	3	NA	NA	21/09/2022	MOS4-A	NA	29/09/2022	Laura	FWD12	REV04
Ho3.3_FWD07	Ho3.3	16657	8012	Acropora loripes	Al	2	FALSE	TRUE	holobiont	tag_0872	3	NA	NA	21/09/2022	MOS4-A	NA	29/09/2022	Laura	FWD07	REV03
Ho3.4_FWD07	Ho3.4	4969	2221	Acropora loripes	Al	2	FALSE	TRUE	holobiont	tag_0872	3	NA	NA	21/09/2022	MOS4-A	NA	29/09/2022	Laura	FWD07	REV04
Ho3.5_FWD07	Ho3.5	12404	5765	Acropora loripes	Al	2	FALSE	TRUE	holobiont	tag_0872	3	NA	NA	21/09/2022	MOS4-A	NA	29/09/2022	Laura	FWD07	REV05
Ho4.1_FWD09	Ho4.1	1544	762	Acropora loripes	Al	2	FALSE	TRUE	holobiont	tag_0871	4	NA	NA	23/09/2022	MOS4-A	NA	30/09/2022	Laura	FWD09	REV01
Ho4.2_FWD09	Ho4.2	1487	635	Acropora loripes	Al	2	FALSE	TRUE	holobiont	tag_0871	4	NA	NA	23/09/2022	MOS4-A	NA	30/09/2022	Laura	FWD09	REV02
Ho4.3_FWD09	Ho4.3	1509	701	Acropora loripes	Al	2	FALSE	TRUE	holobiont	tag_0871	4	NA	NA	23/09/2022	MOS4-A	NA	30/09/2022	Laura	FWD09	REV03
Ho4.4_FWD09	Ho4.4	1140	528	Acropora loripes	Al	2	FALSE	TRUE	holobiont	tag_0871	4	NA	NA	23/09/2022	MOS4-A	NA	30/09/2022	Laura	FWD09	REV04
Ho4.5_FWD09	Ho4.5	2947	1435	Acropora loripes	Al	2	FALSE	TRUE	holobiont	tag_0871	4	NA	NA	23/09/2022	MOS4-A	NA	30/09/2022	Laura	FWD09	REV05
Ho5.1_FWD11	Ho5.1	725	244	Acropora loripes	Al	2	FALSE	TRUE	holobiont	tag_0600	5	NA	NA	23/09/2022	MOS4-B	NA	3/10/2022	Laura	FWD11	REV01
Ho5.2_FWD11	Ho5.2	635	212	Acropora loripes	Al	2	FALSE	TRUE	holobiont	tag_0600	5	NA	NA	23/09/2022	MOS4-B	NA	3/10/2022	Laura	FWD11	REV02
Ho5.3_FWD11	Ho5.3	567	223	Acropora loripes	Al	2	FALSE	TRUE	holobiont	tag_0600	5	NA	NA	23/09/2022	MOS4-B	NA	3/10/2022	Laura	FWD11	REV03
Ho5.4_FWD11	Ho5.4	133	38	Acropora loripes	Al	2	FALSE	TRUE	holobiont	tag_0600	5	NA	NA	23/09/2022	MOS4-B	NA	3/10/2022	Laura	FWD11	REV04
Ho5.5_FWD11	Ho5.5	2066	950	Acropora loripes	Al	2	FALSE	TRUE	holobiont	tag_0600	5	NA	NA	23/09/2022	MOS4-B	NA	3/10/2022	Laura	FWD11	REV05
ISB1-A1_FWD03	ISB1-A1	5467	2816	Acropora loripes	Al	2	FALSE	TRUE	tank water control	NA	NA	NA	NA	20/09/2022	ISB1-A	NA	29/09/2022	Laura	FWD03	REV11
ISB1-A2_FWD03	ISB1-A2	2830	1165	Acropora loripes	Al	2	FALSE	TRUE	tank water control	NA	NA	NA	NA	20/09/2022	ISB1-A	NA	29/09/2022	Laura	FWD03	REV12
ISB1-A3_FWD04	ISB1-A3	419	126	Acropora loripes	Al	2	FALSE	TRUE	tank water control	NA	NA	NA	NA	20/09/2022	ISB1-A	NA	30/09/2022	Laura	FWD04	REV11
MOS4-A1_FWD04	MOS4-A1	3196	1672	Acropora loripes	Al	2	FALSE	TRUE	tank water control	NA	NA	NA	NA	20/09/2022	MOS4-A	NA	29/09/2022	Laura	FWD04	REV12
MOS4-A2_FWD05	MOS4-A2	3629	1916	Acropora loripes	Al	2	FALSE	TRUE	tank water control	NA	NA	NA	NA	20/09/2022	MOS4-A	NA	29/09/2022	Laura	FWD05	REV11
MOS4-A3_FWD05	MOS4-A3	13724	6151	Acropora loripes	Al	2	FALSE	TRUE	tank water control	NA	NA	NA	NA	20/09/2022	MOS4-A	NA	30/09/2022	Laura	FWD05	REV12
MOS4-B1_FWD11	MOS4-B1	1940	886	Acropora loripes	Al	2	FALSE	TRUE	tank water control	NA	NA	NA	NA	20/09/2022	MOS4-B	NA	30/09/2022	Laura	FWD11	REV11
MOS4-B2_FWD12	MOS4-B2	14145	4021	Acropora loripes	Al	2	FALSE	TRUE	tank water control	NA	NA	NA	NA	20/09/2022	MOS4-B	NA	30/09/2022	Laura	FWD12	REV01
MOS4-B3_FWD12	MOS4-B3	19407	4371	Acropora loripes	Al	2	FALSE	TRUE	tank water control	NA	NA	NA	NA	20/09/2022	MOS4-B	NA	3/10/2022	Laura	FWD12	REV02
Mu1_FWD11	Mu1	10619	5164	Acropora loripes	Al	2	FALSE	TRUE	Mucus	front_center	1	NA	NA	20/09/2022	ISB1-A	NA	3/10/2022	Laura	FWD11	REV06
Mu1.Sept22_FWD09	Mu1.Sept22	37986	20095	Acropora loripes	Al	2	FALSE	TRUE	Mucus	front_center	1	NA	NA	22/09/2022	ISB1-A	NA	3/10/2022	Laura	FWD09	REV11
Mu2.Sept22_FWD09	Mu2.Sept22	13289	7077	Acropora loripes	Al	2	FALSE	TRUE	Mucus	back_left	2	NA	NA	22/09/2022	ISB1-A	NA	3/10/2022	Laura	FWD09	REV12
Mu2.Sept22_FWD11	Mu2.Sept22	262	86	Acropora loripes	Al	2	FALSE	TRUE	Mucus	back_left	2	NA	NA	22/09/2022	ISB1-A	NA	3/10/2022	Laura	FWD11	REV07
Mu3_FWD11	Mu3	2583	1118	Acropora loripes	Al	2	FALSE	TRUE	Mucus	tag_0876	3	NA	NA	20/09/2022	MOS4-A	NA	3/10/2022	Laura	FWD11	REV08
Mu3.Sept22_FWD10	Mu3.Sept22	254	102	Acropora loripes	Al	2	FALSE	TRUE	Mucus	tag_0876	3	NA	NA	22/09/2022	MOS4-A	NA	3/10/2022	Laura	FWD10	REV11
Mu4_FWD11	Mu4	15605	7342	Acropora loripes	Al	2	FALSE	TRUE	Mucus	tag_0873	4	NA	NA	20/09/2022	MOS4-A	NA	3/10/2022	Laura	FWD11	REV09
Mu4.Sept22_FWD10	Mu4.Sept22	23215	10461	Acropora loripes	Al	2	FALSE	TRUE	Mucus	tag_0873	4	NA	NA	22/09/2022	MOS4-A	NA	3/10/2022	Laura	FWD10	REV12
Mu5_FWD11	Mu5	48492	19926	Acropora loripes	Al	2	FALSE	TRUE	Mucus	tag_0604	5	NA	NA	20/09/2022	MOS4-B	NA	3/10/2022	Laura	FWD11	REV10
Pa1.1A_FWD03	Pa1.1A	1032	552	Pocillopora acuta	Pa	2	FALSE	FALSE	tissue	NA	1	1	PMA-treated	15/06/2022	1HP1-E	NA	21-Jun-22	Laura	FWD03	REV23
Pa1.1A_FWD09	Pa1.1A	2054	1291	Pocillopora acuta	Pa	1	TRUE	FALSE	tissue	NA	1	1	PMA-treated	15/06/2022	1HP1-E	A	21/06/2022	Ashley	FWD09	REV01
Pa1.1B_FWD09	Pa1.1B	12337	8136	Pocillopora acuta	Pa	1	TRUE	FALSE	tissue	NA	1	1	untreated	15/06/2022	1HP1-E	A	21/06/2022	Ashley	FWD09	REV02
Pa1.2A_FWD03	Pa1.2A	2588	993	Pocillopora acuta	Pa	2	FALSE	FALSE	tissue	NA	1	2	PMA-treated	15/06/2022	1HP1-E	NA	21-Jun-22	Laura	FWD03	REV24
Pa1.2A_FWD09	Pa1.2A	2662	1712	Pocillopora acuta	Pa	1	TRUE	FALSE	tissue	NA	1	2	PMA-treated	15/06/2022	1HP1-E	A	21/06/2022	Ashley	FWD09	REV03
Pa1.2B_FWD09	Pa1.2B	5266	3469	Pocillopora acuta	Pa	1	TRUE	FALSE	tissue	NA	1	2	untreated	15/06/2022	1HP1-E	A	21/06/2022	Ashley	FWD09	REV04
Pa1.3A_FWD09	Pa1.3A	85235	57025	Pocillopora acuta	Pa	1	TRUE	FALSE	tissue	NA	1	3	PMA-treated	15/06/2022	1HP1-E	A	21/06/2022	Ashley	FWD09	REV05
Pa1.3B_FWD09	Pa1.3B	30193	20981	Pocillopora acuta	Pa	1	TRUE	FALSE	tissue	NA	1	3	untreated	15/06/2022	1HP1-E	A	21/06/2022	Ashley	FWD09	REV06
Pa1.4A_FWD09	Pa1.4A	23232	15948	Pocillopora acuta	Pa	1	TRUE	FALSE	tissue	NA	1	4	PMA-treated	15/06/2022	1HP1-E	A	21/06/2022	Ashley	FWD09	REV07
Pa1.4B_FWD09	Pa1.4B	37600	24038	Pocillopora acuta	Pa	1	TRUE	FALSE	tissue	NA	1	4	untreated	15/06/2022	1HP1-E	A	21/06/2022	Ashley	FWD09	REV08
Pa1.5A_FWD04	Pa1.5A	1410	714	Pocillopora acuta	Pa	2	TRUE	FALSE	tissue	NA	1	5	PMA-treated	15/06/2022	1HP1-E	NA	21-Jun-22	Laura	FWD04	REV13
Pa1.5A_FWD09	Pa1.5A	772	477	Pocillopora acuta	Pa	1	FALSE	FALSE	tissue	NA	1	5	PMA-treated	15/06/2022	1HP1-E	A	21/06/2022	Ashley	FWD09	REV09
Pa1.5B_FWD04	Pa1.5B	791	465	Pocillopora acuta	Pa	2	FALSE	FALSE	tissue	NA	1	5	untreated	15/06/2022	1HP1-E	NA	21-Jun-22	Laura	FWD04	REV14
Pa1.5B_FWD09	Pa1.5B	1608	976	Pocillopora acuta	Pa	1	TRUE	FALSE	tissue	NA	1	5	untreated	15/06/2022	1HP1-E	A	21/06/2022	Ashley	FWD09	REV10
Pa2.1A_FWD09	Pa2.1A	4184	2873	Pocillopora acuta	Pa	1	TRUE	FALSE	tissue	NA	2	1	PMA-treated	15/06/2022	1HP1-F	B	21/06/2022	Ashley	FWD09	REV11
Pa2.1B_FWD09	Pa2.1B	78214	49535	Pocillopora acuta	Pa	1	TRUE	FALSE	tissue	NA	2	1	untreated	15/06/2022	1HP1-F	B	21/06/2022	Ashley	FWD09	REV12
Pa2.2A_FWD10	Pa2.2A	31603	20409	Pocillopora acuta	Pa	1	TRUE	FALSE	tissue	NA	2	2	PMA-treated	15/06/2022	1HP1-F	B	21/06/2022	Ashley	FWD10	REV01
Pa2.2B_FWD10	Pa2.2B	48103	30642	Pocillopora acuta	Pa	1	TRUE	FALSE	tissue	NA	2	2	untreated	15/06/2022	1HP1-F	B	21/06/2022	Ashley	FWD10	REV02
Pa2.3A_FWD10	Pa2.3A	15352	10243	Pocillopora acuta	Pa	1	TRUE	FALSE	tissue	NA	2	3	PMA-treated	15/06/2022	1HP1-F	B	21/06/2022	Ashley	FWD10	REV03
Pa2.3B_FWD10	Pa2.3B	31593	21288	Pocillopora acuta	Pa	1	TRUE	FALSE	tissue	NA	2	3	untreated	15/06/2022	1HP1-F	B	21/06/2022	Ashley	FWD10	REV04
Pa2.4A_FWD04	Pa2.4A	649	348	Pocillopora acuta	Pa	2	FALSE	FALSE	tissue	NA	2	4	PMA-treated	15/06/2022	1HP1-F	NA	21-Jun-22	Laura	FWD04	REV15
Pa2.4A_FWD10	Pa2.4A	5500	1624	Pocillopora acuta	Pa	1	TRUE	FALSE	tissue	NA	2	4	PMA-treated	15/06/2022	1HP1-F	B	21/06/2022	Ashley	FWD10	REV05
Pa2.4B_FWD10	Pa2.4B	5887	3977	Pocillopora acuta	Pa	1	TRUE	FALSE	tissue	NA	2	4	untreated	15/06/2022	1HP1-F	B	21/06/2022	Ashley	FWD10	REV06
Pa2.5A_FWD10	Pa2.5A	14041	9062	Pocillopora acuta	Pa	1	TRUE	FALSE	tissue	NA	2	5	PMA-treated	15/06/2022	1HP1-F	B	21/06/2022	Ashley	FWD10	REV07
Pa2.5B_FWD10	Pa2.5B	21363	13436	Pocillopora acuta	Pa	1	TRUE	FALSE	tissue	NA	2	5	untreated	15/06/2022	1HP1-F	B	21/06/2022	Ashley	FWD10	REV08
Pa3.1A_FWD10	Pa3.1A	8600	5544	Pocillopora acuta	Pa	1	TRUE	FALSE	tissue	NA	3	1	PMA-treated	15/06/2022	1HP1-F	C	21/06/2022	Ashley	FWD10	REV09
Pa3.1B_FWD10	Pa3.1B	5301	3176	Pocillopora acuta	Pa	1	TRUE	FALSE	tissue	NA	3	1	untreated	15/06/2022	1HP1-F	C	21/06/2022	Ashley	FWD10	REV10
Pa3.2A_FWD10	Pa3.2A	4489	3083	Pocillopora acuta	Pa	1	TRUE	FALSE	tissue	NA	3	2	PMA-treated	15/06/2022	1HP1-F	C	04/07/2022	Laura	FWD10	REV11
Pa3.2B_FWD04	Pa3.2B	1957	1132	Pocillopora acuta	Pa	2	TRUE	FALSE	tissue	NA	3	2	untreated	15/06/2022	1HP1-F	NA	4-Jul-22	Laura	FWD04	REV16
Pa3.2B_FWD10	Pa3.2B	912	631	Pocillopora acuta	Pa	1	FALSE	FALSE	tissue	NA	3	2	untreated	15/06/2022	1HP1-F	C	04/07/2022	Laura	FWD10	REV12
Pa3.3A_FWD11	Pa3.3A	11316	7728	Pocillopora acuta	Pa	1	TRUE	FALSE	tissue	NA	3	3	PMA-treated	15/06/2022	1HP1-F	C	04/07/2022	Laura	FWD11	REV01
Pa3.3B_FWD11	Pa3.3B	8481	5232	Pocillopora acuta	Pa	1	TRUE	FALSE	tissue	NA	3	3	untreated	15/06/2022	1HP1-F	C	04/07/2022	Laura	FWD11	REV02
Pa3.4A_FWD11	Pa3.4A	27940	19015	Pocillopora acuta	Pa	1	TRUE	FALSE	tissue	NA	3	4	PMA-treated	15/06/2022	1HP1-F	C	04/07/2022	Laura	FWD11	REV03
Pa3.4B_FWD11	Pa3.4B	57940	40231	Pocillopora acuta	Pa	1	TRUE	FALSE	tissue	NA	3	4	untreated	15/06/2022	1HP1-F	C	04/07/2022	Laura	FWD11	REV04
Pa3.5A_FWD11	Pa3.5A	7198	4781	Pocillopora acuta	Pa	1	TRUE	FALSE	tissue	NA	3	5	PMA-treated	15/06/2022	1HP1-F	C	04/07/2022	Laura	FWD11	REV05
Pa3.5B_FWD11	Pa3.5B	8423	5829	Pocillopora acuta	Pa	1	TRUE	FALSE	tissue	NA	3	5	untreated	15/06/2022	1HP1-F	C	04/07/2022	Laura	FWD11	REV06
Pa4.1A_FWD11	Pa4.1A	7632	4898	Pocillopora acuta	Pa	1	TRUE	FALSE	tissue	NA	4	1	PMA-treated	15/06/2022	1HP1-G	D	04/07/2022	Laura	FWD11	REV07
Pa4.1B_FWD11	Pa4.1B	5180	3374	Pocillopora acuta	Pa	1	TRUE	FALSE	tissue	NA	4	1	untreated	15/06/2022	1HP1-G	D	04/07/2022	Laura	FWD11	REV08
Pa4.2A_FWD04	Pa4.2A	210	87	Pocillopora acuta	Pa	2	FALSE	FALSE	tissue	NA	4	2	PMA-treated	15/06/2022	1HP1-G	NA	4-Jul-22	Laura	FWD04	REV17
Pa4.2A_FWD11	Pa4.2A	2136	883	Pocillopora acuta	Pa	1	TRUE	FALSE	tissue	NA	4	2	PMA-treated	15/06/2022	1HP1-G	D	04/07/2022	Laura	FWD11	REV09
Pa4.2B_FWD04	Pa4.2B	1641	962	Pocillopora acuta	Pa	2	FALSE	FALSE	tissue	NA	4	2	untreated	15/06/2022	1HP1-G	NA	4-Jul-22	Laura	FWD04	REV18
Pa4.2B_FWD11	Pa4.2B	4300	2628	Pocillopora acuta	Pa	1	TRUE	FALSE	tissue	NA	4	2	untreated	15/06/2022	1HP1-G	D	04/07/2022	Laura	FWD11	REV10
Pa4.3A_FWD04	Pa4.3A	479	260	Pocillopora acuta	Pa	2	FALSE	FALSE	tissue	NA	4	3	PMA-treated	15/06/2022	1HP1-G	NA	4-Jul-22	Laura	FWD04	REV19
Pa4.3A_FWD11	Pa4.3A	1184	704	Pocillopora acuta	Pa	1	TRUE	FALSE	tissue	NA	4	3	PMA-treated	15/06/2022	1HP1-G	D	04/07/2022	Laura	FWD11	REV11
Pa4.3B_FWD04	Pa4.3B	940	499	Pocillopora acuta	Pa	2	FALSE	FALSE	tissue	NA	4	3	untreated	15/06/2022	1HP1-G	NA	4-Jul-22	Laura	FWD04	REV20
Pa4.3B_FWD11	Pa4.3B	2698	1674	Pocillopora acuta	Pa	1	TRUE	FALSE	tissue	NA	4	3	untreated	15/06/2022	1HP1-G	D	04/07/2022	Laura	FWD11	REV12
Pa4.4A_FWD12	Pa4.4A	18852	11679	Pocillopora acuta	Pa	1	TRUE	FALSE	tissue	NA	4	4	PMA-treated	15/06/2022	1HP1-G	D	04/07/2022	Laura	FWD12	REV01
Pa4.4B_FWD12	Pa4.4B	10135	6585	Pocillopora acuta	Pa	1	TRUE	FALSE	tissue	NA	4	4	untreated	15/06/2022	1HP1-G	D	04/07/2022	Laura	FWD12	REV02
Pa4.5A_FWD12	Pa4.5A	21688	14424	Pocillopora acuta	Pa	1	TRUE	FALSE	tissue	NA	4	5	PMA-treated	15/06/2022	1HP1-G	D	04/07/2022	Laura	FWD12	REV03
Pa4.5B_FWD04	Pa4.5B	619	324	Pocillopora acuta	Pa	2	FALSE	FALSE	tissue	NA	4	5	untreated	15/06/2022	1HP1-G	NA	4-Jul-22	Laura	FWD04	REV21
Pa4.5B_FWD12	Pa4.5B	2686	1684	Pocillopora acuta	Pa	1	TRUE	FALSE	tissue	NA	4	5	untreated	15/06/2022	1HP1-G	D	04/07/2022	Laura	FWD12	REV04
Pa5.1A_FWD12	Pa5.1A	4880	3228	Pocillopora acuta	Pa	1	TRUE	FALSE	tissue	NA	5	1	PMA-treated	15/06/2022	1HP1-G	E	04/07/2022	Laura	FWD12	REV06
Pa5.1B_FWD12	Pa5.1B	21662	14330	Pocillopora acuta	Pa	1	TRUE	FALSE	tissue	NA	5	1	untreated	15/06/2022	1HP1-G	E	04/07/2022	Laura	FWD12	REV05
Pa5.2A_FWD12	Pa5.2A	21867	4770	Pocillopora acuta	Pa	1	TRUE	FALSE	tissue	NA	5	2	PMA-treated	15/06/2022	1HP1-G	E	04/07/2022	Laura	FWD12	REV07
Pa5.2B_FWD12	Pa5.2B	7625	4957	Pocillopora acuta	Pa	1	TRUE	FALSE	tissue	NA	5	2	untreated	15/06/2022	1HP1-G	E	04/07/2022	Laura	FWD12	REV08
Pa5.3A_FWD12	Pa5.3A	131823	48527	Pocillopora acuta	Pa	1	TRUE	FALSE	tissue	NA	5	3	PMA-treated	15/06/2022	1HP1-G	E	04/07/2022	Ashley	FWD12	REV09
Pa5.3B_FWD04	Pa5.3B	1084	553	Pocillopora acuta	Pa	2	FALSE	FALSE	tissue	NA	5	3	untreated	15/06/2022	1HP1-G	NA	4-Jul-22	Laura	FWD04	REV22
Pa5.3B_FWD12	Pa5.3B	3788	2388	Pocillopora acuta	Pa	1	TRUE	FALSE	tissue	NA	5	3	untreated	15/06/2022	1HP1-G	E	04/07/2022	Ashley	FWD12	REV10
Pa5.4A_FWD12	Pa5.4A	80180	34800	Pocillopora acuta	Pa	1	TRUE	FALSE	tissue	NA	5	4	PMA-treated	15/06/2022	1HP1-G	E	04/07/2022	Ashley	FWD12	REV11
Pa5.4B_FWD12	Pa5.4B	21544	14126	Pocillopora acuta	Pa	1	TRUE	FALSE	tissue	NA	5	4	untreated	15/06/2022	1HP1-G	E	04/07/2022	Ashley	FWD12	REV12
Pa5.5A_FWD13	Pa5.5A	8413	4625	Pocillopora acuta	Pa	1	TRUE	FALSE	tissue	NA	5	5	PMA-treated	15/06/2022	1HP1-G	E	04/07/2022	Ashley	FWD13	REV01
Pa5.5B_FWD13	Pa5.5B	7735	4148	Pocillopora acuta	Pa	1	TRUE	FALSE	tissue	NA	5	5	untreated	15/06/2022	1HP1-G	E	04/07/2022	Ashley	FWD13	REV02
PB1_FWD06	PB1	205	70	NA	PCRB	2	FALSE	TRUE	PCR blank	NA	NA	NA	NA	NA	NA	NA	NA	Laura	FWD06	REV09
PB2_FWD06	PB2	913	393	NA	PCRB	2	FALSE	TRUE	PCR blank	NA	NA	NA	NA	NA	NA	NA	NA	Laura	FWD06	REV01
PB3_FWD06	PB3	58	11	NA	PCRB	2	FALSE	TRUE	PCR blank	NA	NA	NA	NA	NA	NA	NA	NA	Laura	FWD06	REV10
PB4_FWD06	PB4	309	152	NA	PCRB	2	FALSE	TRUE	PCR blank	NA	NA	NA	NA	NA	NA	NA	NA	Laura	FWD06	REV11
PCRB01_FWD08	PCRB01	61	24	PCR Blank	PCRB	1	TRUE	FALSE	tissue	NA	NA	1	NA	NA	NA	NA	NA	NA	FWD08	REV07
PCRB02_FWD08	PCRB02	86	36	PCR Blank	PCRB	1	TRUE	FALSE	tissue	NA	NA	2	NA	NA	NA	NA	NA	NA	FWD08	REV08
PCRB03_FWD08	PCRB03	1040	493	PCR Blank	PCRB	1	TRUE	FALSE	tissue	NA	NA	3	NA	NA	NA	NA	NA	NA	FWD08	REV09
PCRB04_FWD06	PCRB04	115	71	PCR Blank	PCRB	1	TRUE	FALSE	tissue	NA	NA	4	NA	NA	NA	NA	NA	NA	FWD06	REV24
PCRB05_FWD13	PCRB05	22	10	PCR Blank	PCRB	1	TRUE	FALSE	tissue	NA	NA	5	NA	NA	NA	NA	NA	NA	FWD13	REV15
PCRB06_FWD13	PCRB06	237	144	PCR Blank	PCRB	1	TRUE	FALSE	tissue	NA	NA	6	NA	NA	NA	NA	NA	NA	FWD13	REV16
PCRNeg_FWD06	PCRNeg	410	234	NA	PCRB	2	TRUE	FALSE	NA	NA	NA	NA	NA	NA	NA	NA	NA	Laura	FWD06	REV16
Pd1.1A_FWD09	Pd1.1A	115386	75897	Platygyra daedalea	Pd	1	TRUE	FALSE	tissue	NA	1	1	PMA-treated	16/06/2022	OHP1-SUMP	A	07/07/2022	Ashley	FWD09	REV13
Pd1.1B_FWD09	Pd1.1B	78297	48222	Platygyra daedalea	Pd	1	TRUE	FALSE	tissue	NA	1	1	untreated	16/06/2022	OHP1-SUMP	A	07/07/2022	Ashley	FWD09	REV14
Pd1.2A_FWD09	Pd1.2A	85192	53680	Platygyra daedalea	Pd	1	TRUE	FALSE	tissue	NA	1	2	PMA-treated	16/06/2022	OHP1-SUMP	A	07/07/2022	Ashley	FWD09	REV15
Pd1.2B_FWD09	Pd1.2B	91364	62041	Platygyra daedalea	Pd	1	TRUE	FALSE	tissue	NA	1	2	untreated	16/06/2022	OHP1-SUMP	A	07/07/2022	Ashley	FWD09	REV16
Pd1.3A_FWD09	Pd1.3A	72907	45921	Platygyra daedalea	Pd	1	TRUE	FALSE	tissue	NA	1	3	PMA-treated	16/06/2022	OHP1-SUMP	A	07/07/2022	Ashley	FWD09	REV17
Pd1.3B_FWD09	Pd1.3B	79484	50009	Platygyra daedalea	Pd	1	TRUE	FALSE	tissue	NA	1	3	untreated	16/06/2022	OHP1-SUMP	A	07/07/2022	Ashley	FWD09	REV18
Pd1.4A_FWD09	Pd1.4A	60244	39196	Platygyra daedalea	Pd	1	TRUE	FALSE	tissue	NA	1	4	PMA-treated	16/06/2022	OHP1-SUMP	A	14/07/2022	Laura	FWD09	REV19
Pd1.4B_FWD09	Pd1.4B	77399	48105	Platygyra daedalea	Pd	1	TRUE	FALSE	tissue	NA	1	4	untreated	16/06/2022	OHP1-SUMP	A	07/07/2022	Ashley	FWD09	REV20
Pd1.5A_FWD09	Pd1.5A	100419	65390	Platygyra daedalea	Pd	1	TRUE	FALSE	tissue	NA	1	5	PMA-treated	16/06/2022	OHP1-SUMP	A	14/07/2022	Laura	FWD09	REV21
Pd1.5B_FWD09	Pd1.5B	86717	57143	Platygyra daedalea	Pd	1	TRUE	FALSE	tissue	NA	1	5	untreated	16/06/2022	OHP1-SUMP	A	07/07/2022	Ashley	FWD09	REV22
Pd2.1A_FWD09	Pd2.1A	58068	38504	Platygyra daedalea	Pd	1	TRUE	FALSE	tissue	NA	2	1	PMA-treated	16/06/2022	OHP1-SUMP	B	14/07/2022	Laura	FWD09	REV23
Pd2.1B_FWD09	Pd2.1B	46658	32643	Platygyra daedalea	Pd	1	TRUE	FALSE	tissue	NA	2	1	untreated	16/06/2022	OHP1-SUMP	B	07/07/2022	Ashley	FWD09	REV24
Pd2.2A_FWD10	Pd2.2A	43251	30269	Platygyra daedalea	Pd	1	TRUE	FALSE	tissue	NA	2	2	PMA-treated	16/06/2022	OHP1-SUMP	B	14/07/2022	Laura	FWD10	REV13
Pd2.2B_FWD10	Pd2.2B	38382	25538	Platygyra daedalea	Pd	1	TRUE	FALSE	tissue	NA	2	2	untreated	16/06/2022	OHP1-SUMP	B	14/07/2022	Laura	FWD10	REV14
Pd2.3A_FWD10	Pd2.3A	62013	41898	Platygyra daedalea	Pd	1	TRUE	FALSE	tissue	NA	2	3	PMA-treated	16/06/2022	OHP1-SUMP	B	07/07/2022	Ashley	FWD10	REV15
Pd2.3B_FWD10	Pd2.3B	79091	56111	Platygyra daedalea	Pd	1	TRUE	FALSE	tissue	NA	2	3	untreated	16/06/2022	OHP1-SUMP	B	14/07/2022	Laura	FWD10	REV16
Pd2.4A_FWD10	Pd2.4A	66652	43514	Platygyra daedalea	Pd	1	TRUE	FALSE	tissue	NA	2	4	PMA-treated	16/06/2022	OHP1-SUMP	B	14/07/2022	Laura	FWD10	REV17
Pd2.4B_FWD10	Pd2.4B	53861	35340	Platygyra daedalea	Pd	1	TRUE	FALSE	tissue	NA	2	4	untreated	16/06/2022	OHP1-SUMP	B	14/07/2022	Laura	FWD10	REV18
Pd2.5A_FWD10	Pd2.5A	39321	26244	Platygyra daedalea	Pd	1	TRUE	FALSE	tissue	NA	2	5	PMA-treated	16/06/2022	OHP1-SUMP	B	14/07/2022	Laura	FWD10	REV19
Pd2.5B_FWD10	Pd2.5B	45136	29472	Platygyra daedalea	Pd	1	TRUE	FALSE	tissue	NA	2	5	untreated	16/06/2022	OHP1-SUMP	B	14/07/2022	Laura	FWD10	REV20
Pd3.1A_FWD10	Pd3.1A	5239	3196	Platygyra daedalea	Pd	1	TRUE	FALSE	tissue	NA	3	1	PMA-treated	16/06/2022	OHP1-SUMP	C	14/07/2022	Laura	FWD10	REV21
Pd3.1B_FWD10	Pd3.1B	31680	20052	Platygyra daedalea	Pd	1	TRUE	FALSE	tissue	NA	3	1	untreated	16/06/2022	OHP1-SUMP	C	14/07/2022	Laura	FWD10	REV22
Pd3.2A_FWD10	Pd3.2A	13767	8268	Platygyra daedalea	Pd	1	TRUE	FALSE	tissue	NA	3	2	PMA-treated	16/06/2022	OHP1-SUMP	C	14/07/2022	Laura	FWD10	REV23
Pd3.2B_FWD04	Pd3.2B	57575	32424	Platygyra daedalea	Pd	2	TRUE	FALSE	tissue	NA	3	2	untreated	16/06/2022	OHP1-SUMP	NA	14-Jul-22	Laura	FWD04	REV23
Pd3.2B_FWD10	Pd3.2B	8	3	Platygyra daedalea	Pd	1	FALSE	FALSE	tissue	NA	3	2	untreated	16/06/2022	OHP1-SUMP	C	14/07/2022	Laura	FWD10	REV24
Pd3.3A_FWD11	Pd3.3A	68799	44694	Platygyra daedalea	Pd	1	TRUE	FALSE	tissue	NA	3	3	PMA-treated	16/06/2022	OHP1-SUMP	C	14/07/2022	Laura	FWD11	REV13
Pd3.3B_FWD11	Pd3.3B	27932	17232	Platygyra daedalea	Pd	1	TRUE	FALSE	tissue	NA	3	3	untreated	16/06/2022	OHP1-SUMP	C	14/07/2022	Laura	FWD11	REV14
Pd3.4A_FWD11	Pd3.4A	60792	37118	Platygyra daedalea	Pd	1	TRUE	FALSE	tissue	NA	3	4	PMA-treated	16/06/2022	OHP1-SUMP	C	14/07/2022	Laura	FWD11	REV15
Pd3.4B_FWD11	Pd3.4B	98586	65375	Platygyra daedalea	Pd	1	TRUE	FALSE	tissue	NA	3	4	untreated	16/06/2022	OHP1-SUMP	C	14/07/2022	Laura	FWD11	REV16
Pd3.5A_FWD11	Pd3.5A	43115	26895	Platygyra daedalea	Pd	1	TRUE	FALSE	tissue	NA	3	5	PMA-treated	16/06/2022	OHP1-SUMP	C	04/08/2022	Laura	FWD11	REV17
Pd3.5B_FWD11	Pd3.5B	78427	48224	Platygyra daedalea	Pd	1	TRUE	FALSE	tissue	NA	3	5	untreated	16/06/2022	OHP1-SUMP	C	04/08/2022	Laura	FWD11	REV18
Pd4.1A_FWD11	Pd4.1A	16808	10510	Platygyra daedalea	Pd	1	TRUE	FALSE	tissue	NA	4	1	PMA-treated	16/06/2022	OHP1-SUMP	D	04/08/2022	Laura	FWD11	REV19
Pd4.1B_FWD04	Pd4.1B	67845	36874	Platygyra daedalea	Pd	2	TRUE	FALSE	tissue	NA	4	1	untreated	16/06/2022	OHP1-SUMP	NA	4-Aug-22	Laura	FWD04	REV24
Pd4.1B_FWD11	Pd4.1B	10	3	Platygyra daedalea	Pd	1	FALSE	FALSE	tissue	NA	4	1	untreated	16/06/2022	OHP1-SUMP	D	04/08/2022	Laura	FWD11	REV20
Pd4.2A_FWD05	Pd4.2A	63281	32865	Platygyra daedalea	Pd	2	TRUE	FALSE	tissue	NA	4	2	PMA-treated	16/06/2022	OHP1-SUMP	NA	4-Aug-22	Laura	FWD05	REV13
Pd4.2A_FWD11	Pd4.2A	44	4	Platygyra daedalea	Pd	1	FALSE	FALSE	tissue	NA	4	2	PMA-treated	16/06/2022	OHP1-SUMP	D	04/08/2022	Laura	FWD11	REV21
Pd4.2B_FWD11	Pd4.2B	13162	8474	Platygyra daedalea	Pd	1	TRUE	FALSE	tissue	NA	4	2	untreated	16/06/2022	OHP1-SUMP	D	04/08/2022	Laura	FWD11	REV22
Pd4.3A_FWD11	Pd4.3A	17510	10561	Platygyra daedalea	Pd	1	TRUE	FALSE	tissue	NA	4	3	PMA-treated	16/06/2022	OHP1-SUMP	D	04/08/2022	Laura	FWD11	REV23
Pd4.3B_FWD05	Pd4.3B	47616	25051	Platygyra daedalea	Pd	2	TRUE	FALSE	tissue	NA	4	3	untreated	16/06/2022	OHP1-SUMP	NA	4-Aug-22	Laura	FWD05	REV14
Pd4.3B_FWD11	Pd4.3B	6	2	Platygyra daedalea	Pd	1	FALSE	FALSE	tissue	NA	4	3	untreated	16/06/2022	OHP1-SUMP	D	04/08/2022	Laura	FWD11	REV24
Pd4.4A_FWD05	Pd4.4A	47007	24147	Platygyra daedalea	Pd	2	TRUE	FALSE	tissue	NA	4	4	PMA-treated	16/06/2022	OHP1-SUMP	NA	4-Aug-22	Laura	FWD05	REV15
Pd4.4A_FWD12	Pd4.4A	73	52	Platygyra daedalea	Pd	1	FALSE	FALSE	tissue	NA	4	4	PMA-treated	16/06/2022	OHP1-SUMP	D	04/08/2022	Laura	FWD12	REV13
Pd4.4B_FWD12	Pd4.4B	39904	24306	Platygyra daedalea	Pd	1	TRUE	FALSE	tissue	NA	4	4	untreated	16/06/2022	OHP1-SUMP	D	04/08/2022	Laura	FWD12	REV14
Pd4.5A_FWD12	Pd4.5A	81713	50407	Platygyra daedalea	Pd	1	TRUE	FALSE	tissue	NA	4	5	PMA-treated	16/06/2022	OHP1-SUMP	D	04/08/2022	Laura	FWD12	REV15
Pd4.5B_FWD12	Pd4.5B	78773	52060	Platygyra daedalea	Pd	1	TRUE	FALSE	tissue	NA	4	5	untreated	16/06/2022	OHP1-SUMP	D	04/08/2022	Laura	FWD12	REV16
Pd5.1A_FWD12	Pd5.1A	77025	47814	Platygyra daedalea	Pd	1	TRUE	FALSE	tissue	NA	5	1	PMA-treated	16/06/2022	OHP1-SUMP	E	04/08/2022	Laura	FWD12	REV17
Pd5.1B_FWD12	Pd5.1B	73919	46133	Platygyra daedalea	Pd	1	TRUE	FALSE	tissue	NA	5	1	untreated	16/06/2022	OHP1-SUMP	E	04/08/2022	Laura	FWD12	REV18
Pd5.2A_FWD05	Pd5.2A	3	0	Platygyra daedalea	Pd	2	FALSE	FALSE	tissue	NA	5	2	PMA-treated	16/06/2022	OHP1-SUMP	NA	4-Aug-22	Laura	FWD05	REV16
Pd5.2A_FWD12	Pd5.2A	72	45	Platygyra daedalea	Pd	1	TRUE	FALSE	tissue	NA	5	2	PMA-treated	16/06/2022	OHP1-SUMP	E	04/08/2022	Laura	FWD12	REV19
Pd5.2B_FWD12	Pd5.2B	5049	3143	Platygyra daedalea	Pd	1	TRUE	FALSE	tissue	NA	5	2	untreated	16/06/2022	OHP1-SUMP	E	04/08/2022	Laura	FWD12	REV20
Pd5.3A_FWD05	Pd5.3A	10	1	Platygyra daedalea	Pd	2	FALSE	FALSE	tissue	NA	5	3	PMA-treated	16/06/2022	OHP1-SUMP	NA	4-Aug-22	Laura	FWD05	REV17
Pd5.3A_FWD12	Pd5.3A	34	21	Platygyra daedalea	Pd	1	TRUE	FALSE	tissue	NA	5	3	PMA-treated	16/06/2022	OHP1-SUMP	E	04/08/2022	Laura	FWD12	REV21
Pd5.3B_FWD05	Pd5.3B	2723	1414	Platygyra daedalea	Pd	2	FALSE	FALSE	tissue	NA	5	3	untreated	16/06/2022	OHP1-SUMP	NA	4-Aug-22	Laura	FWD05	REV18
Pd5.3B_FWD12	Pd5.3B	3508	2318	Platygyra daedalea	Pd	1	TRUE	FALSE	tissue	NA	5	3	untreated	16/06/2022	OHP1-SUMP	E	04/08/2022	Laura	FWD12	REV22
Pd5.4A_FWD12	Pd5.4A	40231	24772	Platygyra daedalea	Pd	1	TRUE	FALSE	tissue	NA	5	4	PMA-treated	16/06/2022	OHP1-SUMP	E	04/08/2022	Laura	FWD12	REV23
Pd5.4B_FWD05	Pd5.4B	5	1	Platygyra daedalea	Pd	2	FALSE	FALSE	tissue	NA	5	4	untreated	16/06/2022	OHP1-SUMP	NA	4-Aug-22	Laura	FWD05	REV19
Pd5.4B_FWD12	Pd5.4B	12	10	Platygyra daedalea	Pd	1	TRUE	FALSE	tissue	NA	5	4	untreated	16/06/2022	OHP1-SUMP	E	04/08/2022	Laura	FWD12	REV24
Pd5.5A_FWD13	Pd5.5A	71931	43472	Platygyra daedalea	Pd	1	TRUE	FALSE	tissue	NA	5	5	PMA-treated	16/06/2022	OHP1-SUMP	E	04/08/2022	Laura	FWD13	REV13
Pd5.5B_FWD05	Pd5.5B	7	1	Platygyra daedalea	Pd	2	FALSE	FALSE	tissue	NA	5	5	untreated	16/06/2022	OHP1-SUMP	NA	4-Aug-22	Laura	FWD05	REV20
Pd5.5B_FWD13	Pd5.5B	50	30	Platygyra daedalea	Pd	1	TRUE	FALSE	tissue	NA	5	5	untreated	16/06/2022	OHP1-SUMP	E	04/08/2022	Laura	FWD13	REV14
Pl1.1A_FWD07	Pl1.1A	7888	5129	Porites lutea	Pl	1	TRUE	FALSE	tissue	NA	1	1	PMA-treated	16/06/2022	OHP1-SUMP	A	06/07/2022	Laura	FWD07	REV13
Pl1.1B_FWD07	Pl1.1B	7793	4969	Porites lutea	Pl	1	TRUE	FALSE	tissue	NA	1	1	untreated	16/06/2022	OHP1-SUMP	A	06/07/2022	Laura	FWD07	REV14
Pl1.2A_FWD07	Pl1.2A	21945	13783	Porites lutea	Pl	1	TRUE	FALSE	tissue	NA	1	2	PMA-treated	16/06/2022	OHP1-SUMP	A	06/07/2022	Laura	FWD07	REV15
Pl1.2B_FWD07	Pl1.2B	55289	35240	Porites lutea	Pl	1	TRUE	FALSE	tissue	NA	1	2	untreated	16/06/2022	OHP1-SUMP	A	06/07/2022	Laura	FWD07	REV16
Pl1.3A_FWD07	Pl1.3A	5426	3314	Porites lutea	Pl	1	TRUE	FALSE	tissue	NA	1	3	PMA-treated	16/06/2022	OHP1-SUMP	A	06/07/2022	Laura	FWD07	REV17
Pl1.3B_FWD05	Pl1.3B	16869	7497	Porites lutea	Pl	2	TRUE	FALSE	tissue	NA	1	3	untreated	16/06/2022	OHP1-SUMP	NA	6-Jul-22	Laura	FWD05	REV21
Pl1.3B_FWD07	Pl1.3B	3957	2527	Porites lutea	Pl	1	FALSE	FALSE	tissue	NA	1	3	untreated	16/06/2022	OHP1-SUMP	A	06/07/2022	Laura	FWD07	REV18
Pl1.4A_FWD07	Pl1.4A	16804	10565	Porites lutea	Pl	1	TRUE	FALSE	tissue	NA	1	4	PMA-treated	16/06/2022	OHP1-SUMP	A	06/07/2022	Laura	FWD07	REV19
Pl1.4B_FWD07	Pl1.4B	27689	17965	Porites lutea	Pl	1	TRUE	FALSE	tissue	NA	1	4	untreated	16/06/2022	OHP1-SUMP	A	06/07/2022	Laura	FWD07	REV20
Pl1.5A_FWD05	Pl1.5A	13934	6450	Porites lutea	Pl	2	TRUE	FALSE	tissue	NA	1	5	PMA-treated	16/06/2022	OHP1-SUMP	NA	6-Jul-22	Laura	FWD05	REV22
Pl1.5A_FWD07	Pl1.5A	3237	2049	Porites lutea	Pl	1	FALSE	FALSE	tissue	NA	1	5	PMA-treated	16/06/2022	OHP1-SUMP	A	06/07/2022	Laura	FWD07	REV21
Pl1.5B_FWD05	Pl1.5B	33509	16151	Porites lutea	Pl	2	TRUE	FALSE	tissue	NA	1	5	untreated	16/06/2022	OHP1-SUMP	NA	6-Jul-22	Laura	FWD05	REV23
Pl1.5B_FWD07	Pl1.5B	721	430	Porites lutea	Pl	1	FALSE	FALSE	tissue	NA	1	5	untreated	16/06/2022	OHP1-SUMP	A	06/07/2022	Laura	FWD07	REV22
Pl2.1A_FWD05	Pl2.1A	9664	4697	Porites lutea	Pl	2	TRUE	FALSE	tissue	NA	2	1	PMA-treated	16/06/2022	OHP1-SUMP	NA	7-Jul-22	Laura	FWD05	REV24
Pl2.1A_FWD07	Pl2.1A	1306	856	Porites lutea	Pl	1	FALSE	FALSE	tissue	NA	2	1	PMA-treated	16/06/2022	OHP1-SUMP	B	07/07/2022	Laura	FWD07	REV23
Pl2.1B_FWD06	Pl2.1B	1895	1022	Porites lutea	Pl	2	TRUE	FALSE	tissue	NA	2	1	untreated	16/06/2022	OHP1-SUMP	NA	7-Jul-22	Laura	FWD06	REV13
Pl2.1B_FWD07	Pl2.1B	49	22	Porites lutea	Pl	1	FALSE	FALSE	tissue	NA	2	1	untreated	16/06/2022	OHP1-SUMP	B	07/07/2022	Laura	FWD07	REV24
Pl2.2A_FWD08	Pl2.2A	41743	28774	Porites lutea	Pl	1	TRUE	FALSE	tissue	NA	2	2	PMA-treated	16/06/2022	OHP1-SUMP	B	07/07/2022	Laura	FWD08	REV13
Pl2.2B_FWD08	Pl2.2B	14741	9826	Porites lutea	Pl	1	TRUE	FALSE	tissue	NA	2	2	untreated	16/06/2022	OHP1-SUMP	B	07/07/2022	Laura	FWD08	REV14
Pl2.3A_FWD08	Pl2.3A	62505	41416	Porites lutea	Pl	1	TRUE	FALSE	tissue	NA	2	3	PMA-treated	16/06/2022	OHP1-SUMP	B	07/07/2022	Laura	FWD08	REV15
Pl2.3B_FWD08	Pl2.3B	59459	40489	Porites lutea	Pl	1	TRUE	FALSE	tissue	NA	2	3	untreated	16/06/2022	OHP1-SUMP	B	07/07/2022	Laura	FWD08	REV16
Pl2.4A_FWD08	Pl2.4A	13022	8863	Porites lutea	Pl	1	TRUE	FALSE	tissue	NA	2	4	PMA-treated	16/06/2022	OHP1-SUMP	B	07/07/2022	Laura	FWD08	REV17
Pl2.4B_FWD08	Pl2.4B	7334	4735	Porites lutea	Pl	1	TRUE	FALSE	tissue	NA	2	4	untreated	16/06/2022	OHP1-SUMP	B	07/07/2022	Laura	FWD08	REV18
Pl2.5A_FWD08	Pl2.5A	6848	4558	Porites lutea	Pl	1	TRUE	FALSE	tissue	NA	2	5	PMA-treated	16/06/2022	OHP1-SUMP	B	07/07/2022	Laura	FWD08	REV19
Pl2.5B_FWD06	Pl2.5B	11888	5703	Porites lutea	Pl	2	TRUE	FALSE	tissue	NA	2	5	untreated	16/06/2022	OHP1-SUMP	NA	7-Jul-22	Laura	FWD06	REV14
Pl2.5B_FWD08	Pl2.5B	8	1	Porites lutea	Pl	1	FALSE	FALSE	tissue	NA	2	5	untreated	16/06/2022	OHP1-SUMP	B	07/07/2022	Laura	FWD08	REV20
Pl3.1A_FWD08	Pl3.1A	17455	11604	Porites lutea	Pl	1	TRUE	FALSE	tissue	NA	3	1	PMA-treated	16/06/2022	OHP1-SUMP	C	07/07/2022	Laura	FWD08	REV21
Pl3.1B_FWD08	Pl3.1B	31333	21383	Porites lutea	Pl	1	TRUE	FALSE	tissue	NA	3	1	untreated	16/06/2022	OHP1-SUMP	C	07/07/2022	Laura	FWD08	REV22
Pl3.2A_FWD08	Pl3.2A	60984	40365	Porites lutea	Pl	1	TRUE	FALSE	tissue	NA	3	2	PMA-treated	16/06/2022	OHP1-SUMP	C	07/07/2022	Laura	FWD08	REV23
Pl3.2B_FWD06	Pl3.2B	10770	5156	Porites lutea	Pl	2	TRUE	FALSE	tissue	NA	3	2	untreated	16/06/2022	OHP1-SUMP	NA	7-Jul-22	Laura	FWD06	REV15
Pl3.2B_FWD08	Pl3.2B	1332	859	Porites lutea	Pl	1	FALSE	FALSE	tissue	NA	3	2	untreated	16/06/2022	OHP1-SUMP	C	07/07/2022	Laura	FWD08	REV24
Pl3.3A_FWD14	Pl3.3A	80598	51831	Porites lutea	Pl	1	TRUE	FALSE	tissue	NA	3	3	PMA-treated	16/06/2022	OHP1-SUMP	C	07/07/2022	Laura	FWD14	REV13
Pl3.3B_FWD14	Pl3.3B	62191	38954	Porites lutea	Pl	1	TRUE	FALSE	tissue	NA	3	3	untreated	16/06/2022	OHP1-SUMP	C	07/07/2022	Laura	FWD14	REV14
Pl3.4A_FWD14	Pl3.4A	239452	146367	Porites lutea	Pl	1	TRUE	FALSE	tissue	NA	3	4	PMA-treated	16/06/2022	OHP1-SUMP	C	07/07/2022	Laura	FWD14	REV15
Pl3.4B_FWD14	Pl3.4B	74147	49323	Porites lutea	Pl	1	TRUE	FALSE	tissue	NA	3	4	untreated	16/06/2022	OHP1-SUMP	C	07/07/2022	Laura	FWD14	REV16
Pl3.5A_FWD14	Pl3.5A	24259	15461	Porites lutea	Pl	1	TRUE	FALSE	tissue	NA	3	5	PMA-treated	16/06/2022	OHP1-SUMP	C	07/07/2022	Laura	FWD14	REV17
Pl3.5B_FWD14	Pl3.5B	63485	39093	Porites lutea	Pl	1	TRUE	FALSE	tissue	NA	3	5	untreated	16/06/2022	OHP1-SUMP	C	07/07/2022	Laura	FWD14	REV18
Pl4.1A_FWD14	Pl4.1A	4263	2707	Porites lutea	Pl	1	TRUE	FALSE	tissue	NA	4	1	PMA-treated	16/06/2022	OHP1-SUMP	D	07/07/2022	Laura	FWD14	REV19
Pl4.1B_FWD14	Pl4.1B	5183	3312	Porites lutea	Pl	1	TRUE	FALSE	tissue	NA	4	1	untreated	16/06/2022	OHP1-SUMP	D	07/07/2022	Laura	FWD14	REV20
Pl4.2A_FWD14	Pl4.2A	59987	38993	Porites lutea	Pl	1	TRUE	FALSE	tissue	NA	4	2	PMA-treated	16/06/2022	OHP1-SUMP	D	07/07/2022	Laura	FWD14	REV21
Pl4.2B_FWD14	Pl4.2B	114527	73194	Porites lutea	Pl	1	TRUE	FALSE	tissue	NA	4	2	untreated	16/06/2022	OHP1-SUMP	D	07/07/2022	Laura	FWD14	REV22
Pl4.3A_FWD14	Pl4.3A	8237	5094	Porites lutea	Pl	1	TRUE	FALSE	tissue	NA	4	3	PMA-treated	16/06/2022	OHP1-SUMP	D	11/07/2022	Laura	FWD14	REV23
Pl4.3B_FWD14	Pl4.3B	926	573	Porites lutea	Pl	1	TRUE	FALSE	tissue	NA	4	3	untreated	16/06/2022	OHP1-SUMP	D	11/07/2022	Laura	FWD14	REV24
Pl4.4A_FWD15	Pl4.4A	2707	1865	Porites lutea	Pl	1	TRUE	FALSE	tissue	NA	4	4	PMA-treated	16/06/2022	OHP1-SUMP	D	11/07/2022	Laura	FWD15	REV13
Pl4.4B_FWD15	Pl4.4B	2867	1867	Porites lutea	Pl	1	TRUE	FALSE	tissue	NA	4	4	untreated	16/06/2022	OHP1-SUMP	D	11/07/2022	Laura	FWD15	REV14
Pl4.5A_FWD15	Pl4.5A	13652	8397	Porites lutea	Pl	1	TRUE	FALSE	tissue	NA	4	5	PMA-treated	16/06/2022	OHP1-SUMP	D	11/07/2022	Laura	FWD15	REV15
Pl4.5B_FWD15	Pl4.5B	17058	10761	Porites lutea	Pl	1	TRUE	FALSE	tissue	NA	4	5	untreated	16/06/2022	OHP1-SUMP	D	11/07/2022	Laura	FWD15	REV16
Pl5.1A_FWD15	Pl5.1A	35546	22103	Porites lutea	Pl	1	TRUE	FALSE	tissue	NA	5	1	PMA-treated	16/06/2022	OHP1-SUMP	E	11/07/2022	Laura	FWD15	REV17
Pl5.1B_FWD15	Pl5.1B	18908	11896	Porites lutea	Pl	1	TRUE	FALSE	tissue	NA	5	1	untreated	16/06/2022	OHP1-SUMP	E	11/07/2022	Laura	FWD15	REV18
Pl5.2A_FWD15	Pl5.2A	10061	6315	Porites lutea	Pl	1	TRUE	FALSE	tissue	NA	5	2	PMA-treated	16/06/2022	OHP1-SUMP	E	11/07/2022	Laura	FWD15	REV19
Pl5.2B_FWD15	Pl5.2B	19891	12089	Porites lutea	Pl	1	TRUE	FALSE	tissue	NA	5	2	untreated	16/06/2022	OHP1-SUMP	E	11/07/2022	Laura	FWD15	REV20
Pl5.3A_FWD15	Pl5.3A	12471	8000	Porites lutea	Pl	1	TRUE	FALSE	tissue	NA	5	3	PMA-treated	16/06/2022	OHP1-SUMP	E	11/07/2022	Laura	FWD15	REV21
Pl5.3B_FWD15	Pl5.3B	8384	5488	Porites lutea	Pl	1	TRUE	FALSE	tissue	NA	5	3	untreated	16/06/2022	OHP1-SUMP	E	11/07/2022	Laura	FWD15	REV22
Pl5.4A_FWD15	Pl5.4A	3584	1582	Porites lutea	Pl	1	TRUE	FALSE	tissue	NA	5	4	PMA-treated	16/06/2022	OHP1-SUMP	E	11/07/2022	Laura	FWD15	REV23
Pl5.4B_FWD15	Pl5.4B	5705	3604	Porites lutea	Pl	1	TRUE	FALSE	tissue	NA	5	4	untreated	16/06/2022	OHP1-SUMP	E	11/07/2022	Laura	FWD15	REV24
Pl5.5A_FWD16	Pl5.5A	19462	13157	Porites lutea	Pl	1	TRUE	FALSE	tissue	NA	5	5	PMA-treated	16/06/2022	OHP1-SUMP	E	11/07/2022	Laura	FWD16	REV13
Pl5.5B_FWD16	Pl5.5B	10060	6156	Porites lutea	Pl	1	TRUE	FALSE	tissue	NA	5	5	untreated	16/06/2022	OHP1-SUMP	E	11/07/2022	Laura	FWD16	REV14
Sk1.1_FWD02	Sk1.1	95903	43876	Acropora loripes	Al	2	FALSE	TRUE	skeleton	front_center	1	NA	NA	19/09/2022	ISB1-A	NA	29/09/2022	Laura	FWD02	REV01
Sk1.2_FWD12	Sk1.2	6092	3039	Acropora loripes	Al	2	FALSE	TRUE	skeleton	front_center	1	NA	NA	19/09/2022	ISB1-A	NA	29/09/2022	Laura	FWD12	REV05
Sk1.3_FWD02	Sk1.3	8955	4435	Acropora loripes	Al	2	FALSE	TRUE	skeleton	front_center	1	NA	NA	19/09/2022	ISB1-A	NA	29/09/2022	Laura	FWD02	REV03
Sk1.4_FWD02	Sk1.4	3547	1912	Acropora loripes	Al	2	FALSE	TRUE	skeleton	front_center	1	NA	NA	19/09/2022	ISB1-A	NA	29/09/2022	Laura	FWD02	REV04
Sk1.5_FWD02	Sk1.5	8242	4210	Acropora loripes	Al	2	FALSE	TRUE	skeleton	front_center	1	NA	NA	19/09/2022	ISB1-A	NA	29/09/2022	Laura	FWD02	REV05
Sk2.1_FWD04	Sk2.1	2607	1276	Acropora loripes	Al	2	FALSE	TRUE	skeleton	back_left	2	NA	NA	21/09/2022	ISB1-A	NA	30/09/2022	Laura	FWD04	REV01
Sk2.2_FWD04	Sk2.2	11842	5603	Acropora loripes	Al	2	FALSE	TRUE	skeleton	back_left	2	NA	NA	21/09/2022	ISB1-A	NA	30/09/2022	Laura	FWD04	REV02
Sk2.3_FWD04	Sk2.3	3793	1896	Acropora loripes	Al	2	FALSE	TRUE	skeleton	back_left	2	NA	NA	21/09/2022	ISB1-A	NA	30/09/2022	Laura	FWD04	REV03
Sk2.4_FWD04	Sk2.4	1	0	Acropora loripes	Al	2	FALSE	TRUE	skeleton	back_left	2	NA	NA	21/09/2022	ISB1-A	NA	30/09/2022	Laura	FWD04	REV04
Sk2.5_FWD04	Sk2.5	1235	572	Acropora loripes	Al	2	FALSE	TRUE	skeleton	back_left	2	NA	NA	21/09/2022	ISB1-A	NA	30/09/2022	Laura	FWD04	REV05
Sk3.1_FWD06	Sk3.1	302	136	Acropora loripes	Al	2	FALSE	TRUE	skeleton	tag_0872	3	NA	NA	21/09/2022	MOS4-A	NA	29/09/2022	Laura	FWD06	REV12
Sk3.2_FWD06	Sk3.2	254	71	Acropora loripes	Al	2	FALSE	TRUE	skeleton	tag_0872	3	NA	NA	21/09/2022	MOS4-A	NA	29/09/2022	Laura	FWD06	REV02
Sk3.3_FWD06	Sk3.3	2564	1207	Acropora loripes	Al	2	FALSE	TRUE	skeleton	tag_0872	3	NA	NA	21/09/2022	MOS4-A	NA	29/09/2022	Laura	FWD06	REV03
Sk3.4_FWD06	Sk3.4	777	395	Acropora loripes	Al	2	FALSE	TRUE	skeleton	tag_0872	3	NA	NA	21/09/2022	MOS4-A	NA	29/09/2022	Laura	FWD06	REV04
Sk3.5_FWD06	Sk3.5	360	152	Acropora loripes	Al	2	FALSE	TRUE	skeleton	tag_0872	3	NA	NA	21/09/2022	MOS4-A	NA	29/09/2022	Laura	FWD06	REV05
Sk4.1_FWD08	Sk4.1	1358	643	Acropora loripes	Al	2	FALSE	TRUE	skeleton	tag_0871	4	NA	NA	23/09/2022	MOS4-A	NA	30/09/2022	Laura	FWD08	REV06
Sk4.2_FWD08	Sk4.2	1648	818	Acropora loripes	Al	2	FALSE	TRUE	skeleton	tag_0871	4	NA	NA	23/09/2022	MOS4-A	NA	30/09/2022	Laura	FWD08	REV07
Sk4.3_FWD08	Sk4.3	1774	722	Acropora loripes	Al	2	FALSE	TRUE	skeleton	tag_0871	4	NA	NA	23/09/2022	MOS4-A	NA	30/09/2022	Laura	FWD08	REV08
Sk4.4_FWD08	Sk4.4	1428	649	Acropora loripes	Al	2	FALSE	TRUE	skeleton	tag_0871	4	NA	NA	23/09/2022	MOS4-A	NA	30/09/2022	Laura	FWD08	REV09
Sk4.5_FWD08	Sk4.5	988	341	Acropora loripes	Al	2	FALSE	TRUE	skeleton	tag_0871	4	NA	NA	23/09/2022	MOS4-A	NA	30/09/2022	Laura	FWD08	REV10
Sk5.1_FWD10	Sk5.1	943	373	Acropora loripes	Al	2	FALSE	TRUE	skeleton	tag_0600	5	NA	NA	23/09/2022	MOS4-B	NA	3/10/2022	Laura	FWD10	REV06
Sk5.2_FWD10	Sk5.2	1491	677	Acropora loripes	Al	2	FALSE	TRUE	skeleton	tag_0600	5	NA	NA	23/09/2022	MOS4-B	NA	3/10/2022	Laura	FWD10	REV07
Sk5.3_FWD10	Sk5.3	545	238	Acropora loripes	Al	2	FALSE	TRUE	skeleton	tag_0600	5	NA	NA	23/09/2022	MOS4-B	NA	3/10/2022	Laura	FWD10	REV08
Sk5.4_FWD10	Sk5.4	174	72	Acropora loripes	Al	2	FALSE	TRUE	skeleton	tag_0600	5	NA	NA	23/09/2022	MOS4-B	NA	3/10/2022	Laura	FWD10	REV09
Sk5.5_FWD10	Sk5.5	232	93	Acropora loripes	Al	2	FALSE	TRUE	skeleton	tag_0600	5	NA	NA	23/09/2022	MOS4-B	NA	3/10/2022	Laura	FWD10	REV10
Sy1.1_FWD01	Sy1.1	489	190	Acropora loripes	Al	2	FALSE	TRUE	Symbiodiniaceae	front_center	1	NA	NA	19/09/2022	ISB1-A	NA	29/09/2022	Laura	FWD01	REV06
Sy1.2_FWD01	Sy1.2	2	1	Acropora loripes	Al	2	FALSE	TRUE	Symbiodiniaceae	front_center	1	NA	NA	19/09/2022	ISB1-A	NA	29/09/2022	Laura	FWD01	REV07
Sy1.3_FWD01	Sy1.3	12257	6356	Acropora loripes	Al	2	FALSE	TRUE	Symbiodiniaceae	front_center	1	NA	NA	19/09/2022	ISB1-A	NA	29/09/2022	Laura	FWD01	REV08
Sy1.4_FWD01	Sy1.4	3461	1689	Acropora loripes	Al	2	FALSE	TRUE	Symbiodiniaceae	front_center	1	NA	NA	19/09/2022	ISB1-A	NA	29/09/2022	Laura	FWD01	REV09
Sy1.5_FWD01	Sy1.5	5	1	Acropora loripes	Al	2	FALSE	TRUE	Symbiodiniaceae	front_center	1	NA	NA	19/09/2022	ISB1-A	NA	29/09/2022	Laura	FWD01	REV10
Sy2.1_FWD03	Sy2.1	474	195	Acropora loripes	Al	2	FALSE	TRUE	Symbiodiniaceae	back_left	2	NA	NA	21/09/2022	ISB1-A	NA	30/09/2022	Laura	FWD03	REV06
Sy2.2_FWD03	Sy2.2	10611	5437	Acropora loripes	Al	2	FALSE	TRUE	Symbiodiniaceae	back_left	2	NA	NA	21/09/2022	ISB1-A	NA	30/09/2022	Laura	FWD03	REV07
Sy2.3_FWD03	Sy2.3	8286	4080	Acropora loripes	Al	2	FALSE	TRUE	Symbiodiniaceae	back_left	2	NA	NA	21/09/2022	ISB1-A	NA	30/09/2022	Laura	FWD03	REV08
Sy2.4_FWD03	Sy2.4	26207	13540	Acropora loripes	Al	2	FALSE	TRUE	Symbiodiniaceae	back_left	2	NA	NA	21/09/2022	ISB1-A	NA	30/09/2022	Laura	FWD03	REV09
Sy2.5_FWD03	Sy2.5	412	165	Acropora loripes	Al	2	FALSE	TRUE	Symbiodiniaceae	back_left	2	NA	NA	21/09/2022	ISB1-A	NA	30/09/2022	Laura	FWD03	REV10
Sy3.1_FWD05	Sy3.1	5088	2117	Acropora loripes	Al	2	FALSE	TRUE	Symbiodiniaceae	tag_0872	3	NA	NA	21/09/2022	MOS4-A	NA	29/09/2022	Laura	FWD05	REV06
Sy3.2_FWD05	Sy3.2	3919	1733	Acropora loripes	Al	2	FALSE	TRUE	Symbiodiniaceae	tag_0872	3	NA	NA	21/09/2022	MOS4-A	NA	29/09/2022	Laura	FWD05	REV07
Sy3.3_FWD05	Sy3.3	12913	5951	Acropora loripes	Al	2	FALSE	TRUE	Symbiodiniaceae	tag_0872	3	NA	NA	21/09/2022	MOS4-A	NA	29/09/2022	Laura	FWD05	REV08
Sy3.4_FWD05	Sy3.4	619	259	Acropora loripes	Al	2	FALSE	TRUE	Symbiodiniaceae	tag_0872	3	NA	NA	21/09/2022	MOS4-A	NA	29/09/2022	Laura	FWD05	REV09
Sy3.5_FWD05	Sy3.5	1614	587	Acropora loripes	Al	2	FALSE	TRUE	Symbiodiniaceae	tag_0872	3	NA	NA	21/09/2022	MOS4-A	NA	29/09/2022	Laura	FWD05	REV10
Sy4.2_FWD08	Sy4.2	7599	3102	Acropora loripes	Al	2	FALSE	TRUE	Symbiodiniaceae	tag_0871	4	NA	NA	23/09/2022	MOS4-A	NA	30/09/2022	Laura	FWD08	REV02
Sy4.3_FWD08	Sy4.3	51739	24435	Acropora loripes	Al	2	FALSE	TRUE	Symbiodiniaceae	tag_0871	4	NA	NA	23/09/2022	MOS4-A	NA	30/09/2022	Laura	FWD08	REV03
Sy4.4_FWD08	Sy4.4	2692	1292	Acropora loripes	Al	2	FALSE	TRUE	Symbiodiniaceae	tag_0871	4	NA	NA	23/09/2022	MOS4-A	NA	30/09/2022	Laura	FWD08	REV04
Sy4.5_FWD08	Sy4.5	10669	5417	Acropora loripes	Al	2	FALSE	TRUE	Symbiodiniaceae	tag_0871	4	NA	NA	23/09/2022	MOS4-A	NA	30/09/2022	Laura	FWD08	REV05
Sy5.1_FWD10	Sy5.1	4202	1840	Acropora loripes	Al	2	FALSE	TRUE	Symbiodiniaceae	tag_0600	5	NA	NA	23/09/2022	MOS4-B	NA	3/10/2022	Laura	FWD10	REV01
Sy5.2_FWD10	Sy5.2	131	34	Acropora loripes	Al	2	FALSE	TRUE	Symbiodiniaceae	tag_0600	5	NA	NA	23/09/2022	MOS4-B	NA	3/10/2022	Laura	FWD10	REV02
Sy5.3_FWD10	Sy5.3	3577	1619	Acropora loripes	Al	2	FALSE	TRUE	Symbiodiniaceae	tag_0600	5	NA	NA	23/09/2022	MOS4-B	NA	3/10/2022	Laura	FWD10	REV03
Sy5.4_FWD10	Sy5.4	21578	9623	Acropora loripes	Al	2	FALSE	TRUE	Symbiodiniaceae	tag_0600	5	NA	NA	23/09/2022	MOS4-B	NA	3/10/2022	Laura	FWD10	REV04
Sy5.5_FWD10	Sy5.5	62954	26844	Acropora loripes	Al	2	FALSE	TRUE	Symbiodiniaceae	tag_0600	5	NA	NA	23/09/2022	MOS4-B	NA	3/10/2022	Laura	FWD10	REV05
Ti1.1_FWD01	Ti1.1	24779	12789	Acropora loripes	Al	2	FALSE	TRUE	tissue	front_center	1	NA	NA	19/09/2022	ISB1-A	NA	29/09/2022	Laura	FWD01	REV01
Ti1.2_FWD01	Ti1.2	18970	8964	Acropora loripes	Al	2	FALSE	TRUE	tissue	front_center	1	NA	NA	19/09/2022	ISB1-A	NA	29/09/2022	Laura	FWD01	REV02
Ti1.3_FWD01	Ti1.3	25501	13622	Acropora loripes	Al	2	FALSE	TRUE	tissue	front_center	1	NA	NA	19/09/2022	ISB1-A	NA	29/09/2022	Laura	FWD01	REV03
Ti1.4_FWD01	Ti1.4	21867	11184	Acropora loripes	Al	2	FALSE	TRUE	tissue	front_center	1	NA	NA	19/09/2022	ISB1-A	NA	29/09/2022	Laura	FWD01	REV04
Ti1.5_FWD01	Ti1.5	25281	13385	Acropora loripes	Al	2	FALSE	TRUE	tissue	front_center	1	NA	NA	19/09/2022	ISB1-A	NA	29/09/2022	Laura	FWD01	REV05
Ti1.B_FWD06	Ti1.B	558	215	Acropora loripes	Al	2	FALSE	TRUE	air blast blank	NA	1	NA	NA	19/09/2022	NA	NA	29/09/2022	Laura	FWD06	REV06
Ti2.1_FWD03	Ti2.1	22814	11890	Acropora loripes	Al	2	FALSE	TRUE	tissue	back_left	2	NA	NA	21/09/2022	ISB1-A	NA	30/09/2022	Laura	FWD03	REV01
Ti2.2_FWD03	Ti2.2	25512	11873	Acropora loripes	Al	2	FALSE	TRUE	tissue	back_left	2	NA	NA	21/09/2022	ISB1-A	NA	30/09/2022	Laura	FWD03	REV02
Ti2.3_FWD03	Ti2.3	15998	8815	Acropora loripes	Al	2	FALSE	TRUE	tissue	back_left	2	NA	NA	21/09/2022	ISB1-A	NA	30/09/2022	Laura	FWD03	REV03
Ti2.4_FWD03	Ti2.4	14629	7705	Acropora loripes	Al	2	FALSE	TRUE	tissue	back_left	2	NA	NA	21/09/2022	ISB1-A	NA	30/09/2022	Laura	FWD03	REV04
Ti2.5_FWD03	Ti2.5	22903	11980	Acropora loripes	Al	2	FALSE	TRUE	tissue	back_left	2	NA	NA	21/09/2022	ISB1-A	NA	30/09/2022	Laura	FWD03	REV05
Ti2.B_FWD06	Ti2.B	348	139	Acropora loripes	Al	2	FALSE	TRUE	air blast blank	NA	2	NA	NA	21/09/2022	NA	NA	30/09/2022	Laura	FWD06	REV07
Ti3.1_FWD05	Ti3.1	10602	5072	Acropora loripes	Al	2	FALSE	TRUE	tissue	tag_0872	3	NA	NA	21/09/2022	MOS4-A	NA	29/09/2022	Laura	FWD05	REV01
Ti3.2_FWD05	Ti3.2	6665	2931	Acropora loripes	Al	2	FALSE	TRUE	tissue	tag_0872	3	NA	NA	21/09/2022	MOS4-A	NA	29/09/2022	Laura	FWD05	REV02
Ti3.3_FWD05	Ti3.3	13311	6084	Acropora loripes	Al	2	FALSE	TRUE	tissue	tag_0872	3	NA	NA	21/09/2022	MOS4-A	NA	29/09/2022	Laura	FWD05	REV03
Ti3.4_FWD05	Ti3.4	1885	958	Acropora loripes	Al	2	FALSE	TRUE	tissue	tag_0872	3	NA	NA	21/09/2022	MOS4-A	NA	29/09/2022	Laura	FWD05	REV04
Ti3.5_FWD05	Ti3.5	10729	5143	Acropora loripes	Al	2	FALSE	TRUE	tissue	tag_0872	3	NA	NA	21/09/2022	MOS4-A	NA	29/09/2022	Laura	FWD05	REV05
Ti3.B_FWD06	Ti3.B	1937	999	Acropora loripes	Al	2	FALSE	TRUE	air blast blank	NA	3	NA	NA	21/09/2022	NA	NA	29/09/2022	Laura	FWD06	REV08
Ti4.1_FWD07	Ti4.1	18218	9169	Acropora loripes	Al	2	FALSE	TRUE	tissue	tag_0871	4	NA	NA	23/09/2022	MOS4-A	NA	30/09/2022	Laura	FWD07	REV06
Ti4.2_FWD07	Ti4.2	24804	11599	Acropora loripes	Al	2	FALSE	TRUE	tissue	tag_0871	4	NA	NA	23/09/2022	MOS4-A	NA	30/09/2022	Laura	FWD07	REV07
Ti4.3_FWD07	Ti4.3	23126	10724	Acropora loripes	Al	2	FALSE	TRUE	tissue	tag_0871	4	NA	NA	23/09/2022	MOS4-A	NA	30/09/2022	Laura	FWD07	REV08
Ti4.4_FWD07	Ti4.4	20524	10244	Acropora loripes	Al	2	FALSE	TRUE	tissue	tag_0871	4	NA	NA	23/09/2022	MOS4-A	NA	30/09/2022	Laura	FWD07	REV09
Ti4.5_FWD07	Ti4.5	11471	5011	Acropora loripes	Al	2	FALSE	TRUE	tissue	tag_0871	4	NA	NA	23/09/2022	MOS4-A	NA	30/09/2022	Laura	FWD07	REV10
Ti4.B_FWD08	Ti4.B	216	81	Acropora loripes	Al	2	FALSE	TRUE	air blast blank	NA	4	NA	NA	23/09/2022	NA	NA	30/09/2022	Laura	FWD08	REV11
Ti5.1_FWD09	Ti5.1	17038	8461	Acropora loripes	Al	2	FALSE	TRUE	tissue	tag_0600	5	NA	NA	23/09/2022	MOS4-B	NA	3/10/2022	Laura	FWD09	REV06
Ti5.2_FWD09	Ti5.2	20744	9856	Acropora loripes	Al	2	FALSE	TRUE	tissue	tag_0600	5	NA	NA	23/09/2022	MOS4-B	NA	3/10/2022	Laura	FWD09	REV07
Ti5.3_FWD09	Ti5.3	21717	9565	Acropora loripes	Al	2	FALSE	TRUE	tissue	tag_0600	5	NA	NA	23/09/2022	MOS4-B	NA	3/10/2022	Laura	FWD09	REV08
Ti5.4_FWD09	Ti5.4	20208	10171	Acropora loripes	Al	2	FALSE	TRUE	tissue	tag_0600	5	NA	NA	23/09/2022	MOS4-B	NA	3/10/2022	Laura	FWD09	REV09
Ti5.5_FWD09	Ti5.5	11888	5298	Acropora loripes	Al	2	FALSE	TRUE	tissue	tag_0600	5	NA	NA	23/09/2022	MOS4-B	NA	3/10/2022	Laura	FWD09	REV10
Ti5.B_FWD08	Ti5.B	4261	1927	Acropora loripes	Al	2	FALSE	TRUE	air blast blank	NA	5	NA	NA	23/09/2022	NA	NA	3/10/2022	Laura	FWD08	REV12